disaster_type,severity,affected_population,duration_days,medical_urgency,accessibility,water_demand,food_demand,medicine_demand,shelter_demand
earthquake,5.4,105259,2,57.2,75.2,500126,285786,6421,6499
landslide,2.9,13254,3,66.8,87.1,44246,22985,389,255
landslide,7.6,100278,14,56.3,16.6,5078599,2638233,6364,4945
cyclone,8.5,17684,8,34.7,38.0,695197,397255,743,1530
drought,3.2,119856,8,28.1,16.6,3131856,1220203,1178,953
earthquake,3.2,122366,2,26.2,30.5,363428,207673,1838,4062
drought,9.1,66353,1,70.9,72.5,486831,189674,4442,1423
drought,5.0,4148,1,75.3,59.9,19132,7454,177,53
drought,8.3,134885,3,28.7,51.4,3165184,1233188,3621,2867
landslide,7.4,70905,19,24.3,60.3,4605007,2392211,2112,3802
earthquake,8.8,128211,21,44.6,93.5,9090104,5194345,9286,12054
earthquake,9.0,42589,15,70.4,30.5,2749715,1571266,4983,4098
flood,4.1,101382,5,54.8,19.0,1443799,707167,3170,3338
landslide,5.6,91580,7,94.7,79.3,1424601,740052,7397,3417
drought,7.5,10972,2,76.2,63.1,148622,57905,704,210
flood,6.4,148964,1,29.9,65.7,516434,252947,3602,6950
cyclone,8.9,58241,1,15.9,89.1,239205,136688,1121,5037
earthquake,9.0,106034,19,59.9,75.9,7129864,4074208,10117,9778
drought,3.8,55129,2,24.9,87.0,317375,123652,536,489
landslide,5.2,24542,18,46.3,27.8,1082010,562083,897,848
drought,2.9,125549,13,91.7,17.8,4786153,1864734,3629,899
flood,3.0,34227,4,27.0,17.7,281706,137978,379,810
drought,9.7,12381,15,47.4,12.0,1792664,698440,598,286
flood,5.2,139706,8,44.8,20.7,3654229,1789826,4121,5307
flood,2.1,79399,13,57.3,29.4,1371457,671734,1250,1259
cyclone,9.7,14695,5,61.5,79.8,359403,205373,1258,1461
landslide,5.2,46654,6,58.5,21.7,720098,374077,2221,1661
drought,5.1,60031,3,56.6,92.6,784198,305531,2052,824
cyclone,6.3,41290,16,47.0,41.7,2360263,1348722,1729,2629
cyclone,8.4,38821,14,61.1,73.7,2363594,1350625,2871,3357
drought,4.4,133232,5,78.7,62.6,2720030,1059752,5320,1536
cyclone,7.2,41889,7,78.8,21.0,1201497,686570,3162,2866
earthquake,5.8,127521,10,69.4,80.6,2851863,1629636,9064,7561
flood,3.8,91225,10,35.5,32.3,2008871,983936,1488,2419
drought,8.7,148756,8,92.3,78.9,9116143,3551744,13855,3411
landslide,3.5,42005,8,60.5,33.9,553927,287754,1376,995
landslide,4.1,11418,10,63.6,18.6,253109,131485,504,347
cyclone,3.1,80442,4,50.3,37.9,525227,300130,1627,2311
cyclone,7.7,31647,10,67.4,44.6,1316268,752153,2234,2368
landslide,5.6,36678,20,24.1,77.1,1718779,892872,788,1431
cyclone,2.2,127118,11,74.9,10.5,1910671,1091812,2947,2811
landslide,6.7,25283,16,58.9,36.1,1275712,662707,1554,1154
earthquake,2.7,96520,6,60.2,34.5,726502,415144,2850,2741
earthquake,9.6,67237,8,31.7,90.8,2157578,1232902,4069,7432
landslide,8.7,132743,9,22.9,91.4,3902080,2027054,3988,7620
earthquake,5.8,18380,4,58.9,32.9,218831,125046,1253,1232
landslide,8.2,58864,3,60.7,29.3,748163,388656,4904,3534
landslide,6.9,7081,8,38.4,25.4,198695,103218,305,347
cyclone,8.8,56040,7,43.0,25.0,2146203,1226401,3120,5183
earthquake,4.3,129940,13,31.5,49.5,3465035,1980020,3447,6335
landslide,2.9,36722,6,73.9,27.8,334681,173860,1329,786
earthquake,4.7,64126,18,21.5,88.0,2037794,1164453,1146,3086
flood,7.2,33461,18,68.7,88.3,2050131,1004146,1983,1665
drought,7.6,140113,5,52.1,17.0,5762132,2244986,6439,2809
cyclone,4.1,31516,21,49.5,30.1,1614580,922617,915,1320
earthquake,2.7,20949,17,27.0,76.6,404750,231285,290,622
landslide,9.6,59857,1,38.1,88.8,241014,125202,3652,4194
flood,6.0,104083,17,49.8,49.9,6102548,2989003,3951,4577
landslide,8.7,149608,10,37.0,29.8,5955763,3093903,7150,8454
cyclone,9.1,42014,10,74.9,34.2,2084830,1191331,3803,3627
landslide,5.0,148910,13,49.3,88.9,3604410,1872421,5439,4826
earthquake,4.2,13114,6,40.9,50.0,143125,81786,401,567
drought,7.3,63525,11,89.5,11.6,4984464,1941999,4280,1086
drought,4.7,117691,15,54.3,65.3,7142422,2782761,3243,1357
drought,6.4,76694,4,25.0,81.8,1640257,639061,1365,1241
landslide,4.0,16070,17,68.6,73.5,441115,229151,668,426
earthquake,3.9,27892,4,42.9,78.6,169717,96981,827,1116
flood,5.7,27918,4,52.2,76.3,354975,173865,1122,1240
cyclone,6.2,77141,12,55.9,20.5,3209752,1834144,3490,4460
flood,8.6,76083,2,77.6,79.8,726136,355658,6915,5141
flood,3.1,91386,12,72.7,62.3,2050809,1004478,2864,2273
cyclone,5.7,31683,15,37.6,94.2,1204282,688161,907,1724
flood,2.1,117175,19,86.4,55.6,2566538,1257080,2629,1755
cyclone,7.4,148805,9,16.7,15.4,5715526,3266015,2438,10428
drought,2.7,146202,17,62.8,91.2,5267928,2052439,2685,971
landslide,2.2,144922,9,31.5,73.6,1300767,675723,1711,2376
flood,9.7,22017,1,75.7,12.8,142971,70026,2128,1622
flood,5.9,49498,16,68.9,80.4,2424249,1187387,2568,2150
cyclone,4.1,76972,12,44.3,53.8,2187741,1250138,2097,3381
cyclone,2.9,25255,19,85.3,92.8,652354,372773,875,733
earthquake,3.5,125602,1,74.1,66.9,189467,108267,6118,4780
landslide,9.8,73433,17,18.1,92.2,4692065,2437436,2013,4866
landslide,8.1,36303,4,18.0,73.5,510533,265212,863,2098
cyclone,2.0,122494,8,89.6,38.3,1031699,589542,2851,2273
drought,9.3,43092,15,33.8,26.3,6185846,2410069,1537,1034
cyclone,6.7,144369,13,20.6,76.9,5752061,3286892,2567,8901
cyclone,5.4,35921,1,55.9,24.4,119076,68043,1572,2009
drought,2.8,131070,17,57.7,75.2,5217238,2032690,2301,906
cyclone,7.1,73203,9,29.7,67.3,2262117,1292638,2031,4885
earthquake,4.2,110920,9,40.6,44.7,2075531,1186018,3783,5395
earthquake,4.4,53581,8,41.1,75.6,857386,489935,1980,2789
cyclone,7.2,31477,21,19.6,29.6,2711970,1549697,607,2214
drought,3.2,80829,18,79.6,12.4,4911902,1913728,2297,656
landslide,5.4,11026,3,85.2,25.5,89240,46358,811,416
drought,6.4,102111,15,37.2,36.8,9102720,3546514,2574,1572
earthquake,2.7,7748,9,47.9,77.8,84879,48502,204,247
earthquake,3.0,50660,21,58.4,15.6,1666203,952116,1709,1694
landslide,4.4,40767,9,37.7,33.3,755164,392293,1037,1204
flood,7.7,18727,8,83.5,25.0,714590,350003,1522,1051
cyclone,7.5,85253,5,43.9,92.6,1510215,862980,3962,6447
flood,6.2,82895,18,31.8,23.3,6047792,2962183,2169,3935
earthquake,5.0,18526,5,82.8,70.7,199670,114097,1460,1021
drought,6.5,111963,17,65.6,33.6,11219196,4371115,4886,1693
earthquake,7.8,94478,9,39.5,92.3,2442399,1395656,5132,7521
landslide,7.1,146810,14,17.9,64.9,6778818,3521464,3158,7719
earthquake,5.9,137828,3,81.0,11.2,1266648,723799,12454,8901
landslide,8.5,78863,2,87.6,21.6,706715,367124,9792,4890
earthquake,2.4,113014,1,22.3,10.3,145940,83394,1182,3068
cyclone,2.4,4160,20,70.7,14.3,129926,74243,105,106
landslide,4.5,143007,19,18.9,35.2,6378395,3313452,2094,4847
flood,6.1,45639,5,47.1,68.9,784475,384232,1743,2135
cyclone,6.4,65775,16,33.4,66.2,3337721,1907269,1888,4038
drought,7.1,73185,1,67.9,14.9,556538,216833,4027,1348
flood,9.0,55262,21,75.2,75.6,5704067,2793829,4937,3787
flood,2.6,25509,6,80.9,56.3,224142,109783,682,486
landslide,6.2,75724,16,31.7,38.7,3594461,1867252,2376,3280
landslide,8.5,17907,1,49.0,61.8,71868,37334,1269,1133
earthquake,7.5,69173,9,64.3,68.7,2087604,1192916,6541,5889
earthquake,6.2,3966,2,75.8,37.8,25019,14297,374,286
earthquake,6.4,37924,13,24.2,16.0,1730369,988782,1189,2846
flood,4.7,41904,7,83.1,68.8,746771,365765,2091,1451
landslide,3.8,142523,12,80.8,16.8,3196893,1660723,6712,3634
drought,2.7,111342,8,47.5,68.3,2182386,850280,1642,786
cyclone,4.8,54569,3,38.1,29.2,438412,250521,1335,2502
flood,6.5,114438,4,85.5,51.2,1678105,821929,7962,5372
flood,2.7,117384,10,40.6,84.8,1656810,811498,1682,2390
drought,7.3,46910,5,24.0,67.4,1598014,622603,969,917
earthquake,9.2,126597,16,67.0,12.2,8948053,5113173,13685,11825
earthquake,7.4,138573,11,21.8,25.2,5429344,3102482,4087,10854
landslide,2.2,27636,16,42.4,74.8,380228,197521,380,392
flood,6.6,89584,16,88.2,86.2,5084423,2490329,7046,4609
landslide,8.0,87661,6,25.2,37.6,2146449,1115038,2998,5205
landslide,2.1,62571,10,26.3,26.7,605699,314649,511,851
earthquake,8.9,85643,8,40.7,94.8,2389325,1365328,5876,8359
cyclone,5.9,33047,9,51.6,81.7,861173,492098,1415,1959
cyclone,9.2,12882,8,77.2,56.5,484078,276616,1224,1132
flood,3.1,86588,10,29.8,15.9,1766560,865253,1045,2023
earthquake,4.2,64202,6,83.4,36.7,830127,474358,4543,3154
drought,3.5,89510,16,26.5,12.7,5086241,1981652,891,764
flood,7.9,79824,17,42.0,39.8,6858460,3359246,3623,4976
flood,7.4,82393,10,54.6,66.2,3614674,1770452,4612,4873
earthquake,2.4,96931,6,15.8,21.7,685066,391466,677,2484
earthquake,4.8,126064,5,92.5,24.3,1502362,858492,10528,6589
landslide,7.4,52954,14,46.0,77.1,2245110,1166290,2808,2671
landslide,9.2,68459,7,65.7,90.9,1715320,891075,6455,4298
earthquake,6.2,120672,5,92.8,41.5,1705505,974574,12659,7897
flood,2.6,142259,12,24.6,38.6,2829233,1385747,1235,2897
cyclone,5.5,97691,17,90.4,84.8,4401558,2515176,6789,5364
flood,4.8,7246,17,44.8,46.1,351490,172158,202,260
flood,7.8,90761,3,37.7,22.1,1318028,645565,3350,5127
flood,8.3,101304,1,21.5,68.7,441764,216374,2239,6009
landslide,4.5,68712,15,73.4,19.3,2434851,1264858,3743,2231
drought,8.4,79436,1,39.7,62.5,557426,217179,2749,1573
landslide,6.2,85746,2,81.6,74.0,433249,225064,6654,3567
landslide,8.3,106729,18,26.7,49.1,7201577,3741079,3688,6043
landslide,3.0,139592,15,86.4,79.9,2419920,1257101,5361,2714
flood,8.0,25948,13,86.2,19.9,1787947,875729,2382,1594
drought,8.4,55148,16,78.9,35.9,7045885,2745150,3950,1137
earthquake,7.8,22988,21,83.9,65.7,1682220,961268,2916,2012
flood,5.5,117775,21,32.8,46.6,7808040,3824346,2666,4689
earthquake,2.4,69638,20,32.0,90.4,1394004,796573,1060,1917
flood,6.1,99147,19,65.6,34.6,6840368,3350384,4966,4367
drought,7.1,56056,10,49.2,67.4,3653338,1423378,2271,1049
drought,6.0,21181,14,36.9,83.0,1424423,554970,502,309
flood,6.4,32734,11,67.8,31.4,1388173,679921,1781,1515
cyclone,4.4,70712,16,54.8,71.0,2709888,1548507,2558,3335
earthquake,8.9,103352,21,71.6,57.2,8973879,5127931,12892,10424
landslide,4.6,58113,9,49.1,17.5,1206475,626740,2056,1832
earthquake,7.2,13123,8,17.8,74.2,320374,183070,318,1037
landslide,8.8,70679,9,49.0,81.0,2460515,1278190,5174,4619
earthquake,2.7,92762,5,70.3,61.3,522318,298467,3138,2584
flood,3.2,81595,19,77.2,22.8,3170883,1553085,2611,1951
cyclone,9.7,91046,4,42.7,36.8,2124908,1214233,5571,9319
flood,9.7,8829,2,71.9,29.6,102269,50091,761,610
earthquake,8.6,104034,8,20.8,66.1,2911760,1663863,3290,9157
flood,6.9,122004,16,42.2,91.4,6503819,3185544,4399,6014
cyclone,4.2,72633,16,83.3,52.9,2615241,1494423,3525,3022
drought,7.4,46401,9,87.5,86.4,2601319,1013501,3426,890
drought,7.9,100422,5,52.2,22.7,3727331,1452207,4246,1848
drought,4.2,55345,1,16.4,90.1,192884,75149,434,602
cyclone,3.4,7462,5,64.1,30.4,71036,40592,219,244
flood,7.6,12914,4,71.8,38.3,248558,121743,949,762
flood,2.5,100709,15,43.6,51.1,2100158,1028649,1354,1792
drought,4.9,6953,8,36.1,86.0,221929,86466,135,85
flood,4.7,139627,17,31.5,71.8,6282546,3077165,2775,5083
cyclone,6.1,58807,4,94.9,13.6,823299,470456,4466,3361
earthquake,5.9,80089,2,78.5,53.9,426113,243493,6968,5139
landslide,8.8,59194,3,78.9,73.3,698609,362914,6898,3825
flood,5.4,141335,13,67.1,46.8,6226950,3049934,7030,6045
flood,8.9,124274,17,51.8,59.3,11389836,5578695,7918,8819
drought,3.8,55265,8,87.6,76.6,1516159,590711,2168,562
cyclone,4.3,2159,2,75.2,32.7,11200,6400,102,96
cyclone,3.7,69565,12,72.9,54.7,1705080,974331,2698,2643
earthquake,9.2,22035,14,47.2,89.4,1153873,659356,1841,2259
earthquake,4.2,17723,14,84.9,38.3,533736,304992,1281,873
flood,4.0,5128,8,58.0,54.9,99250,48612,161,160
flood,8.7,89455,11,54.3,18.4,5918815,2899011,5844,6209
landslide,4.7,133369,15,37.6,91.0,3812958,1980757,3834,4461
landslide,2.0,80138,6,59.8,25.2,458879,238378,1462,1070
landslide,6.7,87478,20,39.7,25.4,5728206,2975691,3639,4010
drought,9.2,65239,4,45.6,24.4,2372570,924378,2966,1478
drought,8.0,32029,19,69.2,89.0,3809541,1484236,1898,623
cyclone,3.1,86757,18,61.6,72.8,2430050,1388600,2307,2675
earthquake,5.9,6914,1,80.8,33.9,18460,10548,582,417
flood,2.5,147989,9,94.6,46.7,2093308,1025294,4811,2934
flood,6.6,4310,13,71.1,64.5,220679,108088,280,227
cyclone,3.9,148991,1,42.7,61.4,296992,169710,3380,5654
earthquake,4.4,44632,11,82.9,47.7,1060760,606148,3262,2278
flood,3.1,142756,4,53.2,72.2,922452,451813,2929,3176
landslide,5.1,37482,16,89.4,75.4,1234424,641259,2609,1277
cyclone,6.5,114331,16,24.7,23.6,7527909,4301662,2738,7920
earthquake,5.4,22564,17,36.1,30.4,997691,570109,817,1311
flood,4.6,47234,3,29.6,27.8,407361,199524,827,1612
earthquake,7.5,2843,18,18.5,65.4,168119,96068,74,234
landslide,2.9,50458,12,38.4,36.1,800253,415716,847,965
cyclone,2.7,23797,8,21.2,77.4,234945,134254,175,591
drought,3.8,11309,7,30.3,85.9,225813,87979,132,99
flood,6.8,24745,18,86.0,60.8,1628635,797698,1784,1197
landslide,5.8,11936,8,46.9,82.7,225694,117243,514,479
cyclone,8.8,149638,19,52.3,53.1,13019898,7439941,9285,12681
flood,6.9,92215,2,30.2,19.5,782665,383346,2371,4530
earthquake,8.6,80021,8,27.8,32.9,2665953,1523402,3604,7506
flood,3.3,6466,18,15.8,81.9,215044,105328,46,170
drought,4.1,38624,7,18.2,52.5,1038977,404796,324,404
drought,9.8,18153,13,86.8,94.8,1877381,731447,1754,459
landslide,5.8,95293,18,35.5,75.6,4059006,2108574,3031,3735
flood,8.2,149340,13,37.2,41.7,9608081,4705999,5914,9173
cyclone,4.8,148045,1,52.1,42.7,396490,226566,5170,7089
flood,9.1,4854,8,58.0,45.6,215755,105676,340,339
earthquake,8.4,19952,20,94.0,36.3,1630459,931691,3013,1856
earthquake,6.2,94785,1,65.5,41.1,264484,151133,6919,6115
landslide,5.6,132672,7,89.1,21.7,2820585,1465239,11361,5578
landslide,2.8,64010,8,57.0,84.8,566472,294271,1581,1213
landslide,9.3,109644,19,58.1,20.8,9364743,4864801,9037,6805
cyclone,2.0,21465,3,18.7,89.7,60113,34350,110,422
flood,6.8,144328,19,82.1,18.7,11479398,5622562,9930,6978
landslide,9.8,20688,15,91.4,51.5,1427955,741795,3028,1449
earthquake,9.0,42585,12,59.7,52.6,2075914,1186236,4284,4154
drought,7.8,68648,8,54.2,86.2,3245260,1264387,2976,1248
landslide,7.9,60499,8,32.7,75.6,1529104,794340,2366,3166
flood,5.8,113090,14,83.0,28.6,6028563,2952765,7375,5126
earthquake,4.8,12852,5,62.7,67.4,142080,81188,777,718
flood,8.6,34488,6,28.7,31.9,1196254,585920,1193,2398
flood,2.3,102348,2,32.4,58.7,270529,132504,997,1776
flood,7.0,124201,20,25.6,13.2,12214115,5982423,3078,6938
landslide,8.2,25351,19,84.0,68.1,1705262,885850,2778,1447
landslide,5.8,120503,11,29.2,84.2,3075805,1597821,3191,4781
landslide,5.2,137044,21,93.4,24.7,7483404,3887483,10630,4979
flood,4.2,65642,5,50.9,74.2,727077,356119,1780,2017
landslide,3.0,118276,15,47.8,45.3,2616010,1358966,2842,2601
cyclone,9.7,39172,17,77.4,88.9,3144245,1796711,4217,3892
flood,6.4,5688,18,21.9,48.0,396751,194327,106,279
earthquake,7.4,25232,3,78.3,50.2,275207,157261,2955,2185
flood,5.9,66745,19,23.5,41.5,4366770,2138826,1161,2850
drought,2.6,22104,14,22.3,45.6,707083,275486,132,134
drought,3.7,98911,20,69.9,72.2,5987252,2332695,2690,874
earthquake,6.0,16844,7,48.8,13.5,384603,219773,983,1166
landslide,7.6,30334,11,23.8,92.1,1053360,547200,918,1687
earthquake,4.6,144373,3,43.3,82.7,860120,491497,5730,7661
flood,9.2,41683,14,77.3,72.2,2784132,1363656,3670,2739
landslide,8.5,106888,13,84.6,32.3,5506520,2860530,11718,6060
flood,2.4,123923,18,28.3,58.7,2905540,1423122,1040,2120
flood,6.2,139666,20,51.6,20.6,11614318,5688645,6033,6745
earthquake,9.0,146539,18,32.8,32.2,11090050,6337171,7845,13847
earthquake,4.4,140421,14,46.9,73.4,3927589,2244336,5868,7244
earthquake,2.3,118244,5,54.8,53.2,616690,352394,2809,2968
flood,2.7,68221,5,22.1,74.7,501260,245515,533,1393
cyclone,2.2,27227,11,49.4,68.7,316879,181073,389,562
drought,6.6,111925,15,27.4,89.0,8664543,3375796,2165,1796
landslide,7.0,79503,8,74.0,15.7,2414957,1254523,6942,4104
flood,2.1,21891,12,28.5,93.5,283299,138758,173,352
flood,9.4,122246,10,27.0,75.3,6414800,3141943,4181,8935
landslide,5.5,120622,2,78.6,35.2,692087,359526,8976,4996
drought,2.1,30605,18,77.9,74.2,915650,356747,513,149
flood,7.8,22765,18,94.0,80.7,1693646,829541,2178,1336
landslide,3.2,41100,2,90.4,90.5,98285,51057,1778,860
drought,3.5,16838,10,58.8,49.5,504957,196736,352,136
landslide,3.2,137724,20,18.5,71.7,3710458,1927510,1281,3030
drought,2.3,144234,18,57.1,60.1,5472209,2132029,2138,851
flood,9.0,125103,9,20.4,90.2,5288115,2590097,3060,8654
cyclone,5.4,89941,16,47.4,65.2,4259195,2433826,3408,5135
drought,4.9,100338,13,81.6,23.5,6139813,2392135,4215,1174
earthquake,8.1,103561,10,40.1,57.1,3798511,2170577,6416,9263
cyclone,7.4,122896,18,33.2,81.5,7998163,4570379,4226,9092
drought,2.4,149844,15,81.3,22.1,5123752,1996267,3024,845
drought,2.3,78751,5,61.7,22.0,972782,379005,1307,481
earthquake,5.4,143183,15,67.4,92.2,4530537,2588878,9742,8368
earthquake,9.7,50805,3,46.3,79.2,617244,352711,4340,5426
earthquake,6.5,22141,17,63.5,89.4,994899,568513,1759,1604
flood,4.0,15033,21,26.0,61.6,729075,357098,207,460
cyclone,9.8,125115,3,86.4,66.8,1955132,1117218,15294,12644
flood,6.4,7622,5,86.0,37.3,147239,72117,537,360
flood,9.6,89041,12,74.2,58.8,5926207,2902632,8346,6489
cyclone,3.7,85273,7,63.7,87.4,1085752,620429,2894,3245
cyclone,4.8,128656,2,89.0,34.8,654687,374107,7109,5706
cyclone,6.3,109255,19,68.6,42.5,7204405,4116803,6506,6775
landslide,9.5,45571,14,19.0,75.6,2671533,1387809,1372,3161
earthquake,8.9,102349,3,42.6,60.0,1154134,659505,6972,9475
flood,2.8,45102,15,30.9,47.5,1155208,565816,521,974
drought,5.5,125145,5,32.7,28.5,3308526,1289036,2403,1670
flood,2.9,10880,6,40.7,10.7,133788,65528,177,251
earthquake,4.1,115596,4,52.9,24.7,1012974,578842,5080,5560
cyclone,9.6,63218,1,77.2,12.9,390716,223266,6882,6368
flood,4.5,71674,18,76.8,17.3,4073403,1995136,3464,2602
flood,8.3,18909,8,17.3,42.2,760713,372594,354,1182
drought,8.2,43230,17,47.7,87.8,5109299,1990636,1952,930
landslide,9.3,87551,18,25.1,13.1,7094287,3685344,3050,5317
flood,8.7,18791,21,45.3,16.0,2095435,1026335,897,1143
earthquake,4.9,84369,9,28.9,11.8,1898491,1084852,2223,4455
flood,8.7,63952,6,38.6,88.0,1627765,797272,2651,3962
drought,2.8,98125,21,78.6,34.9,5364100,2089909,2275,657
cyclone,9.3,73115,3,52.0,17.0,1302516,744295,5215,7163
landslide,4.6,98898,3,38.1,81.4,526452,273482,2586,2969
flood,2.5,137465,17,49.6,77.7,3051193,1494462,2168,2522
earthquake,6.3,40781,16,25.1,50.3,1793652,1024944,1158,2671
drought,4.8,36952,8,20.2,63.2,1262685,491955,397,446
earthquake,6.8,95865,10,25.4,50.0,3039277,1736729,3174,7236
drought,6.6,13487,18,69.4,55.7,1479937,576599,692,226
cyclone,6.5,38633,20,19.0,69.5,2505357,1431632,652,2453
flood,2.0,3520,9,87.6,62.8,34843,17066,78,51
drought,6.8,110734,7,58.9,25.0,5275225,2055282,4877,1882
landslide,3.9,32356,1,85.8,43.0,62383,32407,1811,923
cyclone,9.2,142489,1,53.6,51.7,674161,385235,9318,12417
landslide,6.9,115761,2,30.1,91.9,684795,355737,4148,6030
earthquake,9.0,126815,5,49.0,17.8,2972762,1698721,10819,12783
drought,2.9,137060,8,27.4,66.6,2778800,1082649,1199,994
cyclone,4.8,34460,7,44.3,12.8,743108,424633,1072,1729
earthquake,3.7,19375,1,79.3,80.5,30383,17362,1103,805
drought,6.6,112153,7,77.4,33.7,4945295,1926738,6174,1812
cyclone,5.6,72265,11,70.0,95.0,2118951,1210829,4067,4150
earthquake,3.5,39026,17,92.7,37.7,1064703,608402,2293,1432
landslide,8.7,99843,17,34.0,34.5,7123730,3700639,4691,6037
earthquake,2.3,89689,12,45.1,16.3,1246715,712408,1732,2223
cyclone,7.5,110088,10,57.5,80.3,4128686,2359249,6771,8411
landslide,7.4,37215,10,20.3,32.4,1371363,712396,910,1962
flood,2.8,118650,3,52.3,62.8,577648,282929,2325,2565
earthquake,2.2,135023,3,38.7,70.6,354049,202313,2016,3017
flood,9.2,12949,21,57.5,35.7,1527956,748386,882,885
flood,9.5,50368,2,92.2,56.7,577664,282937,6022,3768
drought,4.7,80643,18,19.4,69.0,6092348,2373642,834,977
drought,2.3,15901,12,82.9,81.9,376332,146623,346,94
drought,4.7,120227,16,78.9,16.8,9244363,3601699,4886,1407
drought,7.3,68400,8,75.3,16.2,4334685,1688838,4365,1317
earthquake,4.5,109159,4,71.6,70.1,831046,474883,6557,5301
landslide,8.5,56218,7,42.3,78.6,1354165,703462,3132,3239
drought,2.8,77792,7,29.6,23.0,1433844,558640,662,508
flood,2.2,76473,7,74.7,22.9,731157,358117,1582,1221
landslide,5.2,57918,5,92.8,43.2,654615,340059,4114,1939
drought,8.5,106857,3,86.0,66.9,2329902,907754,8425,2226
drought,6.7,50468,14,46.5,18.9,5054177,1969159,1810,885
landslide,5.8,64144,20,82.7,88.0,3230950,1678415,5297,2802
cyclone,8.2,131704,10,75.0,62.9,5330463,3045978,10711,10201
drought,3.3,69228,12,67.7,82.7,2285990,890645,1723,578
flood,4.6,53518,8,47.1,10.6,1290876,632266,1485,1819
cyclone,7.0,17470,15,28.1,18.9,1143575,653471,497,1265
drought,5.6,73566,11,61.9,71.8,3899295,1519206,2816,1034
earthquake,2.3,149563,5,47.1,43.9,763884,436505,2900,3565
landslide,3.3,149911,21,80.7,87.2,4317611,2242915,6559,3556
cyclone,6.8,144113,10,59.0,54.3,5192771,2967297,7969,9648
drought,7.6,66761,16,87.8,24.0,7704959,3001932,4632,1199
drought,3.5,97209,3,52.1,90.2,773564,301388,1846,805
drought,4.2,68937,1,21.6,20.5,305071,118858,714,751
flood,2.9,143146,9,40.6,13.7,2426544,1188511,2158,3067
flood,8.7,75140,19,34.7,20.4,8155104,3994336,2997,4983
drought,7.1,148268,3,49.6,24.5,3198445,1246147,5802,2658
flood,7.8,23749,8,67.0,62.7,896517,439110,1733,1492
drought,7.3,84764,21,63.1,38.9,13308105,5184976,4590,1653
flood,3.2,110515,18,45.8,87.8,3458553,1693985,2226,2804
drought,4.8,76476,8,30.7,93.5,2246686,875332,1200,888
earthquake,6.4,6146,18,82.3,44.7,352817,201610,651,458
flood,9.3,12639,7,88.6,82.7,419743,205588,1318,858
flood,6.4,58195,20,27.3,53.4,4191085,2052776,1279,2703
earthquake,6.0,90236,4,42.5,90.5,809502,462572,4089,5570
landslide,5.2,32278,13,29.2,40.2,1051960,546473,792,1187
flood,3.1,4453,4,63.1,85.8,28902,14156,114,104
landslide,6.7,44252,8,73.9,31.6,1254685,651784,3781,2238
earthquake,8.2,117629,19,42.2,53.5,7776757,4443861,7187,9860
flood,4.6,133709,12,64.2,74.3,4130819,2023258,5316,4777
drought,5.9,144654,16,89.2,87.2,11476667,4471429,8695,2215
earthquake,3.0,131149,7,91.0,70.2,1143352,653344,6554,4169
earthquake,9.8,128610,4,44.6,43.0,2563561,1464892,11487,14911
cyclone,2.9,73030,16,69.5,50.4,1941331,1109332,2165,2225
earthquake,8.5,108023,17,20.6,56.3,6699826,3828472,3410,9584
earthquake,8.8,135141,6,27.1,22.3,3628909,2073662,6170,13183
landslide,7.3,5004,3,19.2,19.5,56122,29154,112,257
landslide,2.1,110574,9,52.5,31.0,1018340,529008,1934,1612
drought,5.5,47958,18,74.0,21.4,4607527,1795140,2058,632
flood,2.4,93140,6,88.7,63.9,744576,364690,2551,1659
flood,7.3,83562,15,59.1,78.9,4921278,2410422,4743,4630
drought,6.0,97174,3,31.2,83.1,1410366,549493,1962,1429
earthquake,3.3,113212,9,41.3,57.9,1584690,905537,3071,4305
earthquake,6.9,68838,11,30.1,14.3,2758662,1576378,2774,5336
landslide,2.3,66474,20,51.3,93.0,1152493,598698,1195,1019
flood,3.6,75643,10,88.2,73.2,1417703,694385,2996,1959
drought,8.7,133204,9,48.5,30.9,10956539,4268781,6608,3096
cyclone,2.5,120723,1,46.0,81.2,138254,79002,1819,2826
cyclone,2.4,17697,20,21.6,88.0,400328,228759,126,419
earthquake,9.7,98004,1,50.7,47.8,408278,233301,8450,9650
cyclone,3.7,74076,7,20.1,70.5,972965,555980,768,2732
cyclone,7.9,55406,6,49.5,86.4,1269970,725697,3057,4411
cyclone,2.3,67402,1,67.6,48.8,89142,50938,1538,1626
flood,6.9,109275,19,37.3,59.4,8729739,4275790,3911,6050
earthquake,4.9,59282,3,17.3,76.2,347728,198701,903,3023
earthquake,9.3,17413,16,36.9,87.1,988918,565096,1070,1679
cyclone,4.5,54926,4,21.8,24.6,607998,347427,783,2566
cyclone,2.6,20582,14,16.1,79.7,344298,196742,112,499
flood,2.9,52693,16,53.1,93.7,1213360,594299,1042,1132
landslide,7.8,18764,18,94.3,27.8,1334434,693212,2254,1045
landslide,7.7,3145,8,40.0,85.1,80440,41787,157,172
cyclone,8.0,1765,16,22.1,75.5,121350,69343,46,151
drought,9.7,127896,10,42.4,26.5,12601727,4909764,5898,3161
drought,9.2,60618,19,75.4,41.3,10563643,4115705,4849,1461
earthquake,8.4,22887,4,93.5,79.0,339978,194273,3617,2240
cyclone,3.0,43995,4,91.9,77.6,268575,153471,1742,1354
cyclone,3.8,28057,16,40.9,18.9,1095291,625881,650,1136
cyclone,7.6,79011,6,28.8,62.1,1861261,1063578,2387,5920
drought,2.2,111352,3,75.1,58.3,609702,237546,1868,565
cyclone,3.0,73580,15,56.5,92.8,1436330,820760,1618,2045
earthquake,6.6,28557,16,76.3,28.9,1589968,908553,2913,2210
earthquake,4.2,9065,9,17.1,93.9,142855,81631,130,442
drought,6.0,145680,9,94.4,42.7,6929449,2699785,8447,2033
flood,7.0,47365,15,87.1,89.9,2615435,1281029,3872,2565
earthquake,6.1,104217,11,21.9,63.2,3229923,1845670,2766,7312
flood,6.3,72010,21,87.9,77.0,5435137,2662107,5527,3627
earthquake,5.0,19454,20,77.0,69.6,804741,459852,1363,1024
landslide,6.9,52102,8,18.6,61.3,1327150,689428,1110,2611
earthquake,9.5,54518,21,80.1,24.4,5102239,2915565,7374,5330
landslide,6.6,83166,1,61.8,79.8,241748,125583,5744,4066
flood,6.7,103513,18,20.2,82.8,6682186,3272907,1861,5316
flood,9.1,19705,1,78.5,59.5,107465,52636,1926,1415
earthquake,2.2,36736,15,81.5,36.0,557073,318327,1189,844
drought,5.6,100877,16,85.6,63.1,7931581,3090226,5282,1402
drought,5.7,139491,7,31.8,16.1,5738726,2235867,2788,1992
earthquake,3.9,106082,5,86.5,59.2,921618,526639,6764,4527
flood,2.6,80599,11,40.7,45.2,1302821,638116,1048,1486
cyclone,5.7,146753,20,81.0,74.7,8126736,4643849,9196,8109
earthquake,8.1,149237,7,57.3,24.8,4488051,2564601,13937,14082
earthquake,4.6,38144,16,21.9,89.7,1208817,690753,784,2073
landslide,8.0,7569,19,83.2,34.0,529417,275021,762,400
earthquake,5.5,9485,2,85.9,75.6,43239,24708,835,562
landslide,2.6,7602,7,78.4,45.2,67828,35235,258,144
flood,6.6,72525,10,72.5,72.0,2486855,1218051,4301,3423
drought,6.5,65262,16,35.4,51.2,6156383,2398591,1628,1045
cyclone,3.4,102925,19,27.0,47.1,3469067,1982324,1251,3311
earthquake,5.4,24704,12,33.9,33.8,776548,443742,855,1461
earthquake,6.3,48672,21,35.2,60.5,2781054,1589174,1986,3267
landslide,3.6,21412,11,26.0,58.0,376543,195607,316,532
drought,7.0,104440,20,42.7,44.7,13712537,5342546,3424,1822
earthquake,6.3,32181,19,32.0,28.6,1889103,1079487,1221,2209
flood,3.6,21252,11,25.8,42.0,526344,257801,265,594
drought,2.9,148748,21,43.0,46.5,8213387,3200020,1979,1046
drought,6.4,110385,10,66.9,41.4,6233345,2428576,4826,1639
earthquake,4.5,65511,17,67.7,78.5,2200563,1257465,3982,3405
drought,5.0,110090,12,41.9,59.7,5688269,2216208,2443,1325
earthquake,9.6,137332,18,31.7,47.7,10857205,6204117,7803,14252
drought,5.1,32909,4,72.2,94.4,508766,198220,1283,403
earthquake,8.4,118199,11,91.8,49.4,5422470,3098554,18573,11713
drought,9.8,112510,12,81.7,63.8,11780239,4589703,10008,2784
landslide,5.6,87099,21,60.8,58.8,4627805,2404054,4780,3439
earthquake,4.8,110712,15,84.1,19.9,4263979,2436559,8935,6151
drought,4.1,27883,19,49.4,94.4,1799536,701118,653,300
cyclone,7.6,109440,21,79.0,66.4,9652671,5515812,9849,8905
flood,3.7,52842,16,20.2,38.3,1784437,874010,479,1369
earthquake,6.0,98471,12,49.3,74.7,2984125,1705214,5494,6452
landslide,7.6,58654,8,62.5,15.4,1726702,896988,4188,2932
drought,5.2,143941,21,75.5,48.1,14918861,5812543,6345,1910
landslide,3.6,109051,11,48.7,79.1,1723878,895521,2927,2629
cyclone,7.8,137085,2,67.5,45.6,1119359,639633,9546,10102
earthquake,9.2,41602,21,88.2,34.1,3838055,2193174,6295,4132
flood,2.9,97540,12,89.6,92.2,1584709,776184,3044,1960
earthquake,5.6,135794,4,89.4,85.7,1203527,687729,12556,8131
drought,6.0,35437,13,27.3,35.2,2664871,1038261,634,528
cyclone,9.5,17996,21,80.9,76.4,1821473,1040842,1972,1741
landslide,4.6,129381,13,76.9,74.5,3083525,1601831,6878,3913
flood,5.4,93774,7,67.9,86.1,1936516,948497,4721,4011
drought,3.8,66296,19,61.6,36.3,4585758,1786659,1692,624
cyclone,3.0,1697,13,24.4,88.3,31606,18060,17,51
landslide,3.5,46046,11,71.4,59.8,815271,423517,1894,1160
earthquake,4.9,138162,6,29.3,47.3,2021655,1155231,4023,7950
cyclone,3.7,148898,3,75.5,81.9,778576,444900,5621,5318
drought,6.7,27662,5,48.4,82.4,725822,282788,937,440
cyclone,2.6,64554,9,38.2,22.6,896697,512398,894,1672
flood,6.4,134195,1,46.1,90.9,432502,211837,5103,6387
cyclone,6.6,108206,10,73.7,60.9,3657947,2090255,7173,6952
earthquake,2.3,25330,7,68.7,72.8,179601,102629,784,661
earthquake,3.2,105906,5,63.9,41.9,798210,456120,4084,3701
earthquake,6.9,6233,11,70.0,24.6,218520,124869,527,436
flood,8.5,68594,7,22.4,94.7,1934851,947682,1608,4142
landslide,7.1,100474,15,72.2,64.5,4530971,2353751,7936,4809
earthquake,8.4,81842,19,91.7,68.8,5372332,3069904,11376,7182
drought,8.7,138815,14,76.0,42.1,15776203,6146572,9933,2970
drought,7.7,105109,20,64.7,70.4,13798542,5376055,5701,2002
earthquake,3.9,128986,2,87.9,34.6,501513,286579,8622,5678
cyclone,7.8,118834,15,53.3,52.3,6945285,3968734,6376,8545
cyclone,2.6,63352,4,90.1,58.7,344799,197028,2050,1625
flood,6.7,81658,6,42.7,57.6,1954049,957085,3154,4261
flood,9.2,51926,2,37.3,20.9,594534,291200,2234,3456
cyclone,8.5,52903,10,46.6,48.0,2409919,1377097,2860,4384
drought,7.0,102842,21,46.0,69.2,12535040,4883781,3492,1725
landslide,3.4,80987,3,94.6,33.9,374803,194703,3884,1796
landslide,2.9,117551,19,32.0,42.9,2906713,1509981,1656,2264
cyclone,5.2,82251,2,80.7,58.7,457986,261706,4879,4319
landslide,6.9,103511,10,29.0,40.9,3246782,1686640,3164,4774
landslide,2.1,95382,18,49.7,81.7,1399730,727132,1496,1317
drought,5.5,132110,8,93.9,73.3,4745211,1848783,7188,1739
earthquake,9.6,21244,16,45.4,44.8,1426302,815029,1636,2086
flood,3.6,39279,5,53.0,86.8,369618,181037,987,1074
earthquake,3.6,23351,17,88.5,36.8,733850,419343,1504,984
landslide,2.7,81561,2,19.8,40.4,201841,104852,670,1481
earthquake,6.9,14226,11,90.0,16.5,573462,327692,1735,1116
drought,4.2,4339,14,18.2,37.9,250562,97621,37,46
cyclone,2.4,62046,6,47.6,92.4,444394,253939,1052,1579
flood,5.5,31870,20,46.4,31.0,2107916,1032448,1016,1264
flood,6.9,19639,19,49.7,52.6,1436078,703385,837,972
flood,5.5,36221,19,79.1,52.9,2127089,1041839,1976,1441
cyclone,3.5,86146,5,57.8,33.0,858250,490429,2407,2975
landslide,9.6,133109,10,66.2,32.3,6518632,3386302,14112,9326
earthquake,8.9,123407,7,89.9,51.0,3473337,1984764,18406,11853
earthquake,5.9,131238,4,88.3,68.9,1436267,820724,13915,9124
earthquake,8.2,17602,8,76.8,70.0,463125,264642,1959,1476
earthquake,6.4,125584,1,85.9,32.1,382906,218803,12765,8603
flood,8.7,63257,16,26.7,59.1,4868017,2384335,1852,4002
earthquake,3.3,144662,21,79.1,48.4,4739278,2708159,7302,5344
drought,2.2,139364,1,52.4,48.3,262313,102199,1627,705
cyclone,6.0,128659,20,92.5,15.0,10126740,5786708,10754,8304
landslide,3.2,10396,9,40.7,89.3,112482,58432,202,217
landslide,4.6,3721,18,35.9,66.8,127844,66412,93,113
earthquake,9.0,76672,5,22.2,45.8,1633730,933560,2941,7672
flood,8.2,76895,12,74.7,30.8,4965702,2432180,6423,4960
earthquake,6.9,4188,17,29.5,80.4,218456,124832,173,340
flood,6.1,64412,17,22.4,91.3,3278718,1605902,1107,2852
earthquake,3.7,108240,21,57.7,81.2,3739251,2136714,4715,4731
landslide,4.5,33105,8,83.3,20.8,556940,289319,1830,961
cyclone,2.3,120108,15,80.1,15.7,2582404,1475659,3173,2829
flood,3.1,148141,12,61.8,66.7,3221803,1578026,3884,3626
cyclone,4.3,81350,2,72.1,55.0,354967,202838,3336,3305
landslide,3.9,115331,8,85.2,29.5,1716120,891491,5924,3042
cyclone,4.5,121508,14,90.5,49.7,4167138,2381222,6900,5446
landslide,5.3,133208,8,47.4,72.6,2228235,1157524,4944,4563
earthquake,9.1,133056,5,83.7,75.0,2679978,1531416,20127,13921
landslide,2.1,142963,18,18.6,43.5,2644847,1373946,926,2179
flood,4.4,52502,2,60.2,35.9,277865,136097,1766,1692
drought,3.2,115992,7,47.7,39.6,2668520,1039683,2092,996
landslide,9.8,145019,16,27.6,72.3,10407595,5406542,6716,10647
landslide,2.7,46599,12,87.0,39.6,722779,375470,1753,882
drought,5.3,19334,16,92.3,81.1,1389702,541442,1064,262
cyclone,3.8,41766,9,57.4,45.1,833394,476225,1340,1668
flood,4.0,57144,16,68.4,26.4,2403028,1176993,2105,1775
flood,8.0,28767,9,68.6,61.3,1153933,565192,2020,1699
earthquake,2.4,67022,21,54.1,16.9,1817852,1038772,1734,1856
earthquake,6.8,27633,13,91.9,76.1,964319,551039,3070,1934
earthquake,6.4,33144,15,85.1,60.9,1491760,852434,3611,2457
landslide,6.2,135788,8,85.2,40.7,3103796,1612361,11103,5701
landslide,3.6,51651,17,66.1,72.6,1330142,690982,1937,1282
flood,4.6,8955,12,39.2,31.5,300315,147093,204,300
flood,3.3,57643,8,43.9,21.9,997515,488579,1106,1454
cyclone,2.8,11604,17,30.9,93.3,238000,136000,129,299
cyclone,4.1,10119,9,21.0,32.8,203102,116058,114,390
earthquake,7.4,74100,18,15.7,34.9,4633935,2647963,1582,5835
landslide,4.8,96828,16,70.1,50.3,3394557,1763406,5155,3217
flood,8.3,110170,5,38.4,92.4,2480135,1214760,4904,7368
drought,4.8,129741,19,20.3,54.8,10377837,4043313,1341,1501
landslide,2.1,72545,9,52.4,79.7,538923,279960,1206,1006
earthquake,6.6,60060,20,51.5,70.4,3406322,1946469,3870,4351
drought,3.6,91799,10,24.9,74.6,2599315,1012720,839,766
earthquake,2.0,51760,10,74.1,16.7,563312,321892,1545,1207
landslide,7.7,86528,21,17.0,93.7,5253565,2729125,1723,4436
landslide,2.0,18493,12,68.2,33.1,232726,120896,433,278
drought,8.0,27673,3,49.7,81.7,582246,226849,1283,587
landslide,7.8,24059,17,69.7,21.7,1562056,811457,2026,1272
flood,2.3,60113,19,38.8,66.9,1568974,768477,750,1116
landslide,5.2,10389,15,82.1,60.5,368260,191304,723,385
earthquake,3.2,62457,20,46.2,10.6,2171299,1240742,1823,2284
flood,6.9,17057,17,65.0,32.0,1236433,605600,986,875
flood,2.3,126688,11,49.1,16.6,2042859,1000584,1814,2131
landslide,8.3,59767,15,68.0,25.7,3841739,1995708,5579,3589
earthquake,5.9,62227,10,57.4,18.5,1760022,1005726,3759,3792
landslide,3.4,68839,6,45.6,95.0,543079,282119,1681,1613
landslide,6.7,119915,7,57.7,50.4,2625516,1363904,7504,5690
drought,2.3,42906,17,80.9,69.5,1408017,548578,853,239
flood,2.9,49288,17,25.0,20.7,1470782,720383,435,1005
landslide,8.9,80451,21,55.1,29.7,7961044,4135607,6775,5379
drought,8.2,67536,9,85.6,21.1,5108398,1990285,5275,1400
drought,6.9,97287,9,93.7,75.9,5438435,2118870,7377,1789
flood,2.6,75501,4,46.8,85.8,393412,192691,1155,1424
cyclone,8.2,38174,9,50.2,56.0,1417639,810079,2068,2943
flood,7.1,32372,12,53.3,93.9,1321507,647269,1520,1645
flood,4.0,33269,7,94.3,61.4,543564,266235,1682,1029
flood,3.4,120247,17,48.2,75.0,4042158,1979832,2764,3308
flood,3.7,5310,10,65.6,11.0,129681,63517,166,146
flood,9.4,51345,14,59.0,61.4,3754065,1838725,3635,3555
earthquake,3.8,75219,1,45.7,78.4,126728,72416,2630,3332
cyclone,9.2,122487,10,46.7,45.8,6206602,3546630,7329,11210
drought,2.4,70458,18,67.7,50.5,2902650,1130902,1301,437
drought,7.1,125674,7,25.3,59.8,5536867,2157221,2462,2212
flood,9.0,100015,8,39.7,79.9,4006713,1962471,4882,7095
drought,3.9,18343,2,67.1,67.0,120850,47084,511,173
drought,2.9,41368,8,85.8,70.5,884899,344766,1212,321
cyclone,7.0,77397,11,60.4,26.5,3329143,1902367,4346,5140
earthquake,5.2,58054,20,83.5,83.6,2370499,1354571,4583,3177
cyclone,3.4,27367,9,74.5,30.9,466992,266852,931,893
drought,4.2,26920,17,55.3,40.0,1762688,686761,660,271
drought,3.3,143061,18,59.9,32.2,8308597,3237115,3107,1178
drought,2.3,120164,19,56.1,61.9,4301599,1675947,1574,637
cyclone,9.2,42196,8,71.1,12.2,1874204,1070973,3793,3810
landslide,3.7,134102,11,47.0,86.2,2229801,1158338,3752,3492
drought,4.9,4863,19,67.2,48.1,446494,173959,186,63
flood,3.8,51813,18,52.0,93.6,1762869,863446,1317,1461
drought,5.8,29604,21,51.0,63.6,3237320,1261293,980,436
earthquake,6.8,56611,17,54.1,31.8,3315823,1894756,4091,4378
earthquake,9.6,143905,13,59.1,57.5,7672949,4384542,14713,14413
landslide,2.5,144086,14,54.9,26.4,2685413,1395020,3381,2694
landslide,4.5,5950,21,39.0,25.3,300771,156244,178,200
earthquake,9.6,144046,5,59.2,18.3,3305832,1889047,14558,14237
earthquake,3.1,70508,17,15.4,87.8,1488411,850521,634,2385
cyclone,7.7,116549,8,51.0,62.5,3540373,2023070,6038,8457
landslide,9.3,68882,4,60.0,12.1,1342678,697495,6192,4515
landslide,7.3,94453,8,26.3,92.5,2223729,1155184,2949,4906
earthquake,8.9,95778,16,18.0,53.4,6111356,3492203,2859,9198
drought,7.3,39385,2,66.0,71.7,499678,194679,2116,728
earthquake,7.9,30436,19,52.9,80.9,1859270,1062440,2373,2597
earthquake,3.5,90805,14,57.1,66.3,1931513,1103721,3425,3473
earthquake,9.6,40515,18,25.5,71.1,3228552,1844887,2023,4593
drought,8.9,32624,16,81.3,68.0,4268870,1663196,2747,767
drought,7.9,148934,13,63.3,83.9,12701553,4948657,8300,2980
landslide,4.3,110668,12,94.1,24.9,3053645,1586309,7652,3557
flood,7.7,20149,13,41.8,74.2,1147854,562214,887,1225
earthquake,7.4,127835,3,40.4,66.9,1289389,736794,7567,10844
flood,7.4,114414,3,69.7,57.6,1531965,750350,8073,6682
flood,9.3,85486,20,31.4,52.4,9647841,4725473,3375,6202
earthquake,6.7,5107,2,21.0,61.6,28123,16070,126,348
landslide,5.3,56758,17,74.3,40.5,2363325,1227701,3467,2041
drought,5.5,53590,4,37.3,45.4,1045631,407389,1143,696
cyclone,3.6,91907,12,89.6,28.6,2229011,1273720,3983,3175
cyclone,7.1,73625,20,80.9,13.6,6211220,3549268,5745,5072
earthquake,7.2,13407,19,45.8,67.2,840229,480130,883,1116
cyclone,7.9,3345,17,90.6,82.3,219850,125628,336,265
earthquake,8.2,3518,8,86.7,67.3,94739,54136,448,299
landslide,6.0,47316,15,62.7,91.4,1690643,878256,2839,1981
landslide,9.1,71386,13,79.7,22.6,4035483,2096355,7851,4309
flood,9.3,17926,11,77.9,76.4,1060045,519205,1819,1347
earthquake,4.8,23372,11,77.1,43.2,551244,314996,1553,1166
flood,4.1,78170,10,91.0,56.0,1704682,834946,3499,2218
flood,7.3,65125,1,87.7,35.9,284895,139540,5275,3470
flood,3.1,126670,3,36.9,58.3,690262,338087,1930,3018
landslide,3.5,49505,12,17.7,62.8,983200,510753,524,1296
flood,8.0,91476,15,89.8,40.7,6610610,3237849,8486,5452
cyclone,7.9,80945,17,26.1,67.1,5873523,3356299,2451,6710
landslide,6.4,85315,20,78.1,94.2,4598163,2388656,7292,4085
flood,5.2,6459,9,74.9,41.1,177772,87072,317,244
cyclone,4.7,33989,16,73.5,93.5,1161045,663454,1599,1554
drought,4.3,6658,5,86.1,53.7,135690,52866,281,74
earthquake,5.2,48646,3,38.8,58.8,339867,194209,1862,2778
cyclone,5.2,35256,16,18.0,94.1,1435609,820348,485,1926
earthquake,2.7,8262,1,88.5,16.0,11859,6777,387,253
earthquake,7.1,17755,13,49.1,43.6,823752,470715,1252,1477
landslide,3.8,6039,19,92.3,91.6,177863,92396,347,164
drought,9.7,145029,5,70.3,28.4,7281461,2836932,11369,3675
landslide,8.3,106262,20,74.2,58.5,8339336,4332122,11027,6501
cyclone,6.0,76145,15,38.3,83.6,3218284,1839019,2372,4425
flood,7.7,141542,20,22.7,71.4,12793908,6266403,3457,8786
drought,8.8,55052,17,59.4,87.5,7031180,2739421,3342,1278
cyclone,5.7,54063,17,79.5,39.7,3086055,1763460,3577,3214
earthquake,6.9,91665,17,52.0,70.6,4657769,2661582,6291,7004
landslide,4.3,92025,2,92.0,56.1,386447,200752,6284,2988
cyclone,5.4,37547,5,58.5,93.4,488719,279268,1714,2092
flood,8.0,78983,9,41.2,21.4,3934059,1926886,3635,5090
landslide,3.1,51548,8,36.4,47.2,590269,306633,921,1107
landslide,7.9,37982,4,18.6,54.9,508620,264218,832,1958
drought,7.3,24945,10,51.5,34.1,1673420,651982,974,429
earthquake,3.7,75392,12,91.4,13.5,1658207,947547,4630,2933
earthquake,6.9,94296,6,46.5,89.5,1547930,884531,5681,7073
earthquake,5.0,112351,3,60.9,24.0,822075,469757,6315,6004
landslide,3.4,4482,16,28.2,45.4,120716,62709,72,112
drought,4.8,16418,6,50.4,55.9,404537,157612,412,186
drought,5.1,25928,18,35.7,79.1,1871021,728969,489,311
flood,2.3,8358,16,19.6,54.6,186526,91360,51,151
landslide,4.1,33846,17,79.6,40.0,1068013,554812,1676,921
drought,6.3,96251,9,58.2,46.8,4962562,1933465,3780,1476
flood,5.9,72790,20,44.4,77.8,4560560,2233743,2467,3205
landslide,7.2,142433,2,55.3,87.1,815644,423711,8912,7051
earthquake,3.9,49020,17,36.3,28.9,1487352,849915,1220,1946
drought,2.1,148719,10,55.3,62.2,2855233,1112428,1959,805
drought,9.3,102030,2,94.2,64.3,1594941,621405,9390,2265
drought,9.4,29823,15,65.7,13.3,4384169,1708118,2036,704
flood,2.2,87868,4,45.8,44.9,482639,236394,1201,1513
drought,6.6,97035,9,70.8,53.4,4891649,1905837,4633,1487
cyclone,7.3,38600,14,76.4,91.7,1826290,1043594,2968,2774
flood,5.6,5219,21,65.4,34.2,350977,171907,229,202
flood,7.2,143188,12,20.9,44.1,7935352,3886703,2996,8272
flood,7.2,91184,4,44.3,23.8,1808083,885591,4071,5302
flood,7.9,118716,11,73.4,34.6,5937208,2908020,8331,6548
flood,9.4,107558,3,53.3,51.7,1757161,860650,6941,7513
drought,8.8,141955,13,39.2,32.7,16972345,6612602,5760,3339
flood,7.8,115274,10,52.9,50.0,5439018,2664008,6361,6937
earthquake,9.0,24564,7,71.0,38.7,752348,429913,3024,2466
drought,3.0,23534,17,24.4,57.7,1128020,439488,197,184
flood,3.7,72202,7,62.3,40.4,1046078,512365,1994,1847
drought,8.7,126049,8,46.2,69.8,7451159,2903049,5484,2698
cyclone,6.2,115701,16,68.2,85.6,5313368,3036210,6589,6901
cyclone,7.8,125442,7,77.2,82.4,3514138,2008078,11140,10307
drought,3.6,23230,19,78.1,28.5,1469635,572585,671,195
drought,8.0,10513,7,15.9,87.1,440194,171504,135,194
landslide,2.3,33821,2,39.8,34.6,81406,42289,533,586
cyclone,5.0,135713,1,47.7,80.8,325334,185905,4434,6640
drought,4.8,107721,5,85.5,56.2,2427066,945610,5045,1341
cyclone,5.4,46953,20,64.4,71.6,2704567,1545467,2406,2668
cyclone,3.7,48450,6,50.1,54.4,551252,315001,1197,1707
earthquake,2.6,36854,21,69.6,93.3,839272,479584,1336,1112
flood,2.2,138111,10,25.3,15.5,1904608,932869,955,2178
flood,9.1,54464,19,81.4,19.8,6066281,2971239,5220,3699
landslide,6.8,102513,10,68.8,71.3,2820780,1465340,7234,4600
earthquake,6.2,33355,15,93.6,57.6,1473899,842228,3880,2400
cyclone,3.5,116698,18,45.0,71.8,3887080,2221188,2686,4265
earthquake,2.9,34205,7,94.9,28.5,329913,188521,1716,1047
landslide,8.4,62058,16,16.9,77.2,3604224,1872324,1449,3753
landslide,2.7,105879,3,55.5,30.7,389221,202192,2342,1846
drought,2.1,105489,14,53.1,29.3,3238780,1261862,1368,585
landslide,7.7,117418,20,77.6,24.7,8845612,4595123,10961,6180
drought,6.7,56615,5,66.0,73.7,1534360,597802,2617,901
drought,6.9,101799,3,71.1,62.2,1978460,770828,5818,1859
drought,5.5,127853,8,37.7,41.2,5001993,1948828,2726,1643
flood,4.6,32082,9,24.1,55.6,756300,370432,456,1092
flood,9.7,133046,2,33.4,78.1,1280651,627257,5217,9011
drought,8.8,22432,14,84.1,59.9,2458029,957673,1817,491
cyclone,3.8,63263,3,92.9,91.0,341212,194978,3138,2412
drought,5.7,75385,11,38.5,88.6,3632421,1415229,1737,1025
cyclone,8.8,123775,2,92.8,43.1,1305715,746123,15185,11688
flood,9.1,108716,7,91.3,30.9,4375642,2143171,11862,7495
flood,9.7,134114,12,85.1,73.5,8028779,3932463,13658,9259
drought,8.4,121249,6,88.2,21.6,5978087,2329124,9556,2462
earthquake,4.1,132768,20,70.6,94.3,4151171,2372097,7070,5798
cyclone,2.3,126593,2,66.5,73.2,283358,161919,2618,2812
earthquake,3.4,19931,13,32.8,65.3,358681,204960,392,692
drought,5.5,131216,20,67.6,19.4,14070535,5482026,5137,1727
flood,9.0,9463,12,81.5,60.0,556182,272416,863,611
landslide,8.5,80918,16,60.2,61.2,5108248,2653635,6914,5024
drought,5.5,130669,16,79.8,72.2,10173083,3963539,6522,1857
cyclone,2.2,49863,10,78.6,57.9,625257,357289,1294,1176
cyclone,9.7,121203,21,76.2,65.3,12081327,6903615,11844,11102
landslide,6.9,27509,20,15.5,24.7,1844642,958255,456,1288
earthquake,6.9,141077,14,50.4,94.8,5534808,3162747,9632,11065
cyclone,5.0,42960,13,23.4,76.6,1410334,805905,714,2180
landslide,5.5,132978,5,92.9,81.7,1547346,803816,11132,5242
earthquake,2.7,64524,19,77.9,66.7,1398651,799229,2497,1856
landslide,7.0,59333,9,64.3,64.3,1538755,799353,3997,2720
cyclone,8.1,126196,2,16.5,35.3,1230941,703395,2482,10745
flood,7.1,146222,5,65.3,82.4,2652334,1299102,8585,7585
landslide,8.3,20863,18,26.9,47.6,1479195,768413,759,1235
earthquake,6.4,28457,7,43.3,86.7,551042,314881,1597,2135
cyclone,9.3,32664,10,45.8,63.3,1521618,869496,1869,2916
cyclone,5.1,28666,7,18.7,84.7,455984,260562,353,1349
flood,9.2,110709,3,58.7,58.7,1883221,922394,8390,8246
landslide,6.5,23550,18,44.6,60.9,1188148,617220,1057,1037
flood,3.0,133564,15,16.2,57.3,3401524,1666052,832,2964
flood,4.2,89697,1,51.8,88.2,189314,92725,2484,2767
drought,2.2,67691,19,90.5,31.7,2885855,1124359,1542,387
landslide,7.1,24095,21,33.9,14.0,1718714,892838,857,1107
drought,5.8,93383,3,53.0,58.8,1353459,527321,2932,1257
earthquake,5.2,28278,10,88.4,56.4,670672,383241,2491,1631
landslide,2.4,136229,16,58.1,13.2,2849666,1480346,3192,2403
cyclone,9.0,105400,13,88.1,94.1,6133029,3504588,12493,10129
landslide,4.6,62032,6,89.8,42.3,816496,424154,4126,2010
earthquake,5.6,67045,5,16.6,26.0,990487,565992,1252,4367
cyclone,6.1,137123,6,49.0,44.6,2643421,1510526,5437,7926
cyclone,4.8,33020,14,20.6,52.6,1250369,714496,475,1650
earthquake,8.1,113387,18,60.4,44.0,7299190,4170965,9875,9465
landslide,9.1,140302,15,27.6,82.7,8492423,4411648,6073,9627
landslide,8.4,41027,18,24.8,45.9,3063633,1591497,1442,2544
earthquake,5.6,18596,14,20.2,45.9,635824,363328,372,1066
flood,9.1,122857,17,93.9,39.6,12108648,5930766,14291,8780
drought,6.0,123281,7,55.2,47.1,4859206,1893197,4518,1860
cyclone,8.1,134396,5,83.2,83.5,2549025,1456585,12242,10510
landslide,8.1,141603,14,41.8,79.6,6597296,3427166,7568,7921
earthquake,8.7,112702,13,63.0,77.7,5106451,2917972,11212,10303
flood,8.0,25132,20,55.1,49.2,2436253,1193266,1479,1549
drought,7.5,79440,4,67.6,85.7,2088115,813551,4768,1603
cyclone,8.4,54627,19,36.9,66.7,4802057,2744032,2532,4901
cyclone,6.4,62752,15,45.4,83.1,2937497,1678570,2562,4031
landslide,5.0,61827,3,43.8,43.3,471588,244981,2332,2329
landslide,8.3,60640,11,19.8,72.8,2312628,1201365,1560,3447
cyclone,7.5,72410,17,53.8,31.4,5672070,3241183,4333,5754
flood,7.4,13989,19,40.3,54.5,1075893,526968,512,733
landslide,6.2,35255,8,81.4,65.7,730282,379367,2715,1459
flood,3.6,36746,12,92.3,70.3,919793,450511,1677,1048
earthquake,2.7,21518,21,63.1,36.7,547417,312810,647,594
flood,3.3,26969,15,56.6,27.0,831553,407291,644,656
earthquake,7.6,4802,8,77.1,30.0,138560,79177,514,386
drought,7.7,115610,16,34.6,42.2,12510491,4874217,3139,2061
drought,6.5,46560,1,32.9,81.1,235542,91769,1029,710
earthquake,6.1,90427,9,25.5,10.1,2642834,1510191,2717,6170
earthquake,8.6,132208,10,20.2,88.7,4561274,2606442,4350,12468
flood,6.2,115409,21,60.1,87.4,7637859,3740992,5521,5299
earthquake,5.3,102110,14,64.0,45.9,3373839,1927908,6257,5660
flood,3.5,81081,9,36.7,84.0,1252485,613462,1273,2001
flood,8.4,83060,13,71.2,16.4,5797668,2839674,6313,5115
earthquake,5.3,104918,7,51.9,25.4,1909744,1091282,5381,6003
landslide,7.7,47386,21,57.9,43.8,3450392,1792411,3227,2439
cyclone,6.7,95040,2,76.4,62.5,629158,359518,6430,6012
earthquake,8.7,40514,8,91.8,16.0,1518210,867548,6435,4058
cyclone,7.3,131575,18,93.8,63.7,8953107,5116061,12535,9545
drought,2.1,136679,1,27.6,24.6,267877,104367,811,668
cyclone,9.3,113092,15,28.1,49.4,8537216,4878409,4092,10403
drought,8.9,78667,1,71.0,81.0,608372,237028,5734,1835
flood,3.5,5076,16,75.5,52.2,176677,86535,185,141
cyclone,5.7,125129,8,26.1,16.7,3293874,1882213,2480,6787
flood,4.9,129233,4,85.3,80.3,1349281,660872,7076,4785
drought,2.6,143282,4,77.5,14.7,1496029,582868,3087,905
flood,7.0,70465,4,56.9,73.1,1024280,501688,3490,3538
cyclone,5.3,117498,20,70.8,92.6,6123808,3499319,6478,6535
drought,9.1,122491,14,26.5,92.5,11928565,4647492,3131,2685
drought,8.6,22981,12,20.1,88.3,1949094,759387,445,503
flood,4.0,44170,7,93.3,11.0,878234,430155,2290,1416
flood,7.7,57665,2,92.3,64.1,521855,255602,5587,3492
flood,6.6,86670,21,42.3,36.4,7838159,3839098,3339,4554
cyclone,8.0,77838,8,74.2,53.6,2806553,1603744,6755,6503
cyclone,6.1,49230,12,88.8,58.0,1798806,1027889,3506,2820
flood,4.3,128759,7,65.1,52.6,2404473,1177701,4987,4419
drought,6.6,56523,15,34.5,80.0,4744715,1848590,1443,950
earthquake,5.9,97063,15,40.2,29.7,4205299,2403028,4341,6252
landslide,7.9,76872,10,49.5,38.7,2803762,1456500,4631,4093
earthquake,9.2,46528,13,57.2,40.5,2486920,1421097,4362,4414
earthquake,3.4,71106,4,72.1,30.1,457483,261419,3180,2553
landslide,6.2,5736,12,49.1,12.1,217759,113121,273,244
landslide,4.2,28539,15,28.4,73.5,726941,377631,517,796
flood,2.5,3738,13,69.1,17.9,75538,36998,80,66
earthquake,7.7,103305,6,19.5,59.1,2018311,1153320,2782,8259
flood,4.5,85789,6,85.9,25.0,1480988,725382,4327,2906
cyclone,5.2,71973,7,16.7,92.9,1152494,658568,822,3518
drought,4.4,41839,7,32.9,90.6,1020929,397764,660,456
drought,6.2,84089,20,79.7,16.9,11018393,4292880,4707,1342
earthquake,7.5,83435,18,37.5,13.3,5724137,3270935,4369,6746
drought,6.9,130233,20,16.0,51.2,17738411,6911069,1696,2409
landslide,3.0,64894,2,94.2,73.3,156455,81275,2766,1285
cyclone,3.9,87802,7,31.7,72.0,1233936,705106,1546,3484
landslide,2.7,64601,1,22.7,69.9,76842,39918,647,1246
landslide,5.9,81321,15,44.1,60.8,3032924,1575544,3203,3177
landslide,8.5,123641,17,68.0,88.4,7175341,3727450,11398,7333
earthquake,2.6,82229,10,67.5,86.2,901046,514883,2844,2439
landslide,5.8,144030,10,29.9,76.3,3466394,1800724,3934,5756
flood,4.9,67167,9,22.6,34.5,1946508,953391,1027,2623
landslide,6.2,79260,3,40.3,45.4,655174,340350,3001,3258
earthquake,4.0,20544,17,78.7,81.5,552116,315495,1174,863
landslide,5.6,46919,19,25.1,43.8,2512206,1305042,1126,1962
landslide,8.7,82802,20,59.1,83.5,6115215,3176735,7044,5215
cyclone,3.0,57254,10,49.2,32.3,932263,532722,1110,1612
landslide,2.1,69377,8,56.1,15.8,621752,322988,1355,1057
flood,6.6,52217,17,33.0,68.5,3420004,1675104,1564,2734
landslide,2.2,13050,2,76.8,82.4,22093,11477,329,187
cyclone,5.2,23863,16,72.1,39.7,1137341,649909,1270,1258
earthquake,2.7,134568,10,51.2,29.5,1886046,1077740,3717,4203
flood,4.5,124130,21,60.5,75.6,5959127,2918756,4149,3957
cyclone,5.5,130482,13,58.9,91.6,4193532,2396304,5656,6859
flood,3.2,63891,14,90.1,12.6,1842702,902547,2331,1492
cyclone,3.2,63503,8,34.2,74.3,813717,464981,970,2027
cyclone,6.0,65499,12,30.8,27.5,2796638,1598079,1712,3970
earthquake,5.7,65631,21,25.8,24.6,3720692,2126109,1733,3889
landslide,8.7,105658,17,53.8,79.5,6139631,3189419,7462,6068
flood,2.9,98730,10,22.9,86.6,1566155,767096,903,2275
flood,6.1,20320,15,39.2,19.7,1165814,571011,611,900
landslide,4.7,20218,17,28.5,70.1,709185,368408,441,677
cyclone,5.7,37191,3,18.2,22.7,400797,229027,571,2242
flood,2.9,22549,16,22.8,55.7,564798,276635,181,458
cyclone,2.1,110788,7,69.1,69.4,889007,508004,2405,2486
cyclone,8.5,121897,5,39.8,87.6,2429658,1388376,5669,10175
cyclone,8.9,25136,1,35.4,37.3,136996,78283,1192,2407
landslide,2.8,11578,4,42.1,84.6,54918,28529,226,235
landslide,4.0,10430,11,63.7,23.6,239514,124423,441,303
flood,2.9,5877,19,82.3,51.3,198061,97009,190,133
earthquake,6.1,15130,7,35.4,44.4,291828,166758,595,974
drought,3.2,123846,8,49.7,55.9,3069098,1195752,2315,1058
landslide,5.9,4848,16,28.8,70.8,196577,102118,131,200
cyclone,7.5,23949,14,54.1,55.3,1316189,752108,1327,1752
flood,8.0,117578,4,80.8,84.3,2049952,1004058,10336,7380
flood,5.7,57143,13,82.4,53.0,2333751,1143061,3303,2312
flood,3.6,68490,18,80.1,21.3,2699028,1321973,2423,1745
earthquake,2.8,55528,4,48.0,62.7,253551,144886,1306,1575
earthquake,5.3,144065,6,50.8,62.3,1950881,1114789,7083,8072
cyclone,8.3,48655,1,63.2,81.2,211469,120839,3824,4322
landslide,3.7,144519,14,53.0,69.9,3278759,1703251,4604,3800
earthquake,4.4,43126,2,84.3,75.4,166301,95029,3149,2162
landslide,9.4,64332,11,93.0,31.7,3327142,1728385,9181,4319
earthquake,2.1,5757,3,66.5,61.8,16697,9541,158,137
flood,7.3,140106,2,72.8,63.5,1084782,531321,9141,7244
drought,9.2,38706,7,59.0,20.9,2590070,1009118,2369,912
flood,3.1,15828,8,44.5,36.1,251887,123373,296,383
landslide,8.3,116519,11,81.5,26.6,5672467,2946736,13501,7247
earthquake,2.1,15027,9,77.4,76.0,124206,70975,480,359
earthquake,7.4,99068,3,57.8,78.3,907668,518667,7941,7954
cyclone,8.7,4472,11,93.9,55.7,236172,134955,526,400
landslide,7.8,108177,9,31.8,18.3,4146551,2154052,4589,6313
flood,4.9,93668,20,72.1,86.4,4985511,2441883,4522,3618
landslide,9.3,107217,19,28.9,17.2,8992606,4671483,4270,6464
flood,6.1,11542,21,37.3,18.5,957235,468850,340,526
flood,5.6,61225,16,32.1,67.4,2909800,1425208,1370,2462
landslide,6.2,108085,3,33.0,85.7,849044,441062,3671,4867
drought,6.9,31762,8,80.3,33.1,1808232,704506,2045,578
cyclone,5.6,122814,19,52.5,83.8,6329087,3616621,5053,6875
earthquake,4.0,24943,12,37.4,11.3,624822,357041,709,1098
landslide,9.2,5271,17,25.0,70.3,357361,185642,195,341
earthquake,4.2,9434,17,68.0,82.4,290557,166032,535,456
flood,7.6,66969,4,70.5,52.3,1130500,553714,4439,3632
drought,9.3,131742,15,17.9,65.8,16000965,6234142,2399,3046
flood,2.4,56158,9,65.8,17.4,836460,409694,1219,1069
drought,9.8,113234,21,40.8,43.5,20752921,8085553,4698,2617
drought,7.3,26602,4,93.0,66.7,719948,280499,2110,515
drought,6.6,29301,4,36.6,20.0,843519,328643,835,518
drought,5.5,48891,6,41.0,30.1,1525315,594278,1163,645
flood,5.4,133191,19,73.0,81.2,7124789,3489692,6754,5338
landslide,7.8,63159,14,51.9,36.0,3302789,1715735,4051,3415
earthquake,7.1,81702,14,62.1,67.6,3779543,2159739,7324,6828
cyclone,8.1,128520,10,49.5,20.8,6022888,3441650,6966,10052
cyclone,7.7,142022,11,66.0,62.9,6221676,3555243,10001,10824
flood,3.5,138613,18,84.4,59.2,4762186,2332499,5092,3481
flood,5.5,85915,1,67.1,29.3,293797,143900,4077,3505
cyclone,3.3,99145,2,89.2,77.5,308995,176568,3890,3115
flood,4.7,115397,10,19.6,91.3,2584168,1265715,1298,3822
cyclone,2.1,22102,3,87.1,90.1,63388,36222,544,446
earthquake,2.3,46362,13,49.8,67.7,590899,337656,989,1150
landslide,4.9,75060,6,91.3,76.6,973420,505673,5628,2697
cyclone,5.5,73939,12,89.7,76.6,2411425,1377957,5071,4038
landslide,2.6,85804,18,56.3,85.2,1552824,806662,1905,1480
landslide,2.2,127281,10,41.4,56.9,1259761,654421,1848,1953
earthquake,4.6,4020,21,93.2,62.5,175349,100199,333,207
earthquake,3.1,109089,16,46.0,59.9,2362423,1349956,2888,3635
cyclone,3.9,11691,9,77.0,75.5,214356,122489,513,476
drought,9.4,140523,5,74.1,27.6,6286293,2449205,10320,3165
drought,8.9,116591,8,44.5,82.2,6392364,2490531,4742,2421
flood,7.1,27018,11,53.7,81.8,1164212,570226,1405,1510
flood,9.0,49734,21,54.1,92.8,4430734,2170155,2943,3138
landslide,7.7,120153,6,88.4,50.8,2723116,1414606,13931,6894
flood,9.6,124689,18,30.3,36.4,13689214,6704921,4873,9279
landslide,5.0,106909,8,53.6,59.1,2011561,1044966,4813,3928
drought,2.8,136846,17,44.2,76.9,5408634,2107260,1838,945
cyclone,5.9,132163,13,49.5,87.7,4732562,2704321,5284,7625
landslide,8.8,136929,17,66.3,41.9,9098387,4726435,11965,7895
drought,4.8,146700,18,57.9,51.7,12510105,4874067,4817,1891
flood,4.0,139958,2,16.7,51.5,652960,319817,1211,4185
flood,7.8,55555,21,28.3,34.1,5406034,2647853,1529,3118
flood,4.9,89451,5,15.2,10.1,1473400,721665,874,3317
cyclone,7.3,89220,2,64.1,64.3,649601,371200,5605,6246
landslide,5.4,140629,21,68.3,47.4,7674582,3986796,8570,5489
earthquake,2.1,74674,17,25.1,73.1,1068929,610816,703,1621
flood,8.0,77115,19,34.7,43.3,6955831,3406937,2747,4567
earthquake,2.2,95613,13,21.4,16.6,1402970,801697,854,2312
drought,8.7,23568,16,27.2,44.4,2973412,1158472,590,493
cyclone,5.8,114506,9,85.6,10.1,3869598,2211198,8329,6950
cyclone,3.2,101927,10,38.2,84.8,1637331,935617,1814,3392
flood,6.1,113955,17,72.7,75.9,6781685,3321642,7017,5569
drought,3.7,135327,4,35.4,60.3,1841658,717529,2009,1290
earthquake,6.1,133143,5,26.8,25.6,2175928,1243387,4435,9582
landslide,3.7,27376,18,89.2,24.4,864598,449141,1367,670
earthquake,4.7,135113,3,67.2,29.0,875260,500148,7535,6492
earthquake,2.1,58311,17,67.9,15.5,1031183,589247,1519,1295
earthquake,5.2,103664,13,72.1,47.3,3347876,1913072,7568,6076
cyclone,5.4,129788,16,41.0,86.6,4978399,2844799,3725,6490
drought,2.2,44807,10,22.9,79.3,880030,342869,265,263
earthquake,2.6,48639,21,24.0,38.6,1234703,705544,559,1348
flood,6.6,123669,8,58.7,42.0,3833514,1877639,6057,5953
flood,3.1,103337,8,24.9,89.7,1380644,676234,1094,2537
cyclone,3.5,50962,20,53.7,77.5,1701941,972537,1289,1715
flood,6.9,68635,15,34.3,20.9,4391527,2150952,2023,3404
drought,2.8,50428,3,50.0,22.9,460516,179421,838,380
landslide,4.7,23040,21,37.7,73.5,1023197,531531,690,800
drought,9.5,62004,17,39.4,67.3,9407275,3665172,2754,1588
flood,4.3,106796,6,30.4,27.9,1828840,895758,1908,3621
earthquake,7.0,90164,17,70.0,15.8,5676504,3243716,8628,7136
cyclone,6.6,39074,18,53.7,94.2,2099671,1199812,1883,2505
earthquake,8.2,142019,1,65.8,61.4,556945,318254,15666,13784
cyclone,3.1,59268,5,44.2,46.5,545237,311564,1221,1974
cyclone,6.4,68258,15,21.3,34.0,4032409,2304234,1393,4674
drought,2.1,81968,7,81.0,59.7,1116081,434837,1588,445
earthquake,5.4,143772,1,36.0,78.6,344371,196783,5635,9063
cyclone,2.6,55411,21,84.4,14.0,1809712,1034121,1665,1409
landslide,6.8,107332,3,82.9,64.9,1003529,521314,10105,5333
drought,8.7,86037,1,34.5,69.3,621018,241955,2725,1795
drought,8.9,56316,17,16.9,18.0,8717967,3396610,932,1253
earthquake,2.7,42070,19,54.0,43.2,1003946,573683,1147,1230
earthquake,7.2,126060,21,92.5,41.2,8909278,5091016,15679,9813
earthquake,2.1,64542,16,38.0,69.4,1008802,576458,1053,1604
drought,4.3,115741,1,40.6,23.5,488528,190335,2169,1214
drought,7.5,109471,20,85.7,29.7,15294804,5959014,7307,1937
earthquake,4.9,54924,14,89.0,53.1,1782714,1018694,4709,3063
landslide,2.4,37152,13,20.7,58.6,540470,280763,306,648
drought,9.1,81354,13,54.0,52.6,8607201,3353455,4293,1807
earthquake,3.0,69357,5,40.2,67.2,448934,256533,1574,2267
landslide,3.0,66428,21,73.3,30.8,2165795,1125088,2460,1468
drought,8.3,103987,20,60.7,44.2,15017652,5851033,5323,1993
earthquake,7.1,68859,4,54.5,57.9,856960,489691,4931,5238
cyclone,6.3,61716,2,46.5,28.6,490511,280292,2729,4192
cyclone,6.1,23582,20,16.6,49.2,1464581,836903,310,1337
flood,6.8,95034,13,41.9,88.0,4548544,2227858,3711,5110
drought,9.6,73850,8,45.4,77.3,4965327,1934543,3690,1847
drought,6.3,14599,19,68.9,92.3,1324354,515982,665,219
cyclone,2.1,116807,4,40.4,14.7,575553,328887,1333,2357
earthquake,2.0,26570,7,33.8,11.2,194146,110940,341,584
cyclone,4.7,28907,19,27.3,36.4,1474105,842345,519,1359
landslide,2.6,79430,15,70.9,94.1,1137681,591003,2183,1347
landslide,3.5,28215,17,77.4,73.0,765314,397566,1306,738
landslide,7.0,74855,6,93.7,74.5,1389573,721856,8183,3821
drought,4.1,97198,9,48.0,88.6,2799731,1090804,2040,965
earthquake,6.7,138780,8,17.4,62.2,3558394,2033368,3317,11039
landslide,5.7,10388,1,29.4,28.5,30166,15670,286,426
drought,4.6,73356,6,41.0,75.3,1793702,698845,1593,883
drought,5.8,31801,16,36.0,49.9,2514479,979667,673,425
cyclone,5.4,5786,20,43.1,80.8,312282,178446,192,318
flood,8.9,24226,3,21.4,65.6,344470,168720,573,1544
earthquake,3.7,80862,6,45.6,82.3,787422,449955,2758,3501
drought,6.5,27339,12,63.6,55.7,1858928,724257,1195,427
cyclone,5.6,105791,21,50.2,31.9,7697876,4398786,4449,6331
cyclone,3.9,45018,9,37.8,68.2,771512,440864,884,1671
earthquake,6.8,9041,9,46.2,90.8,225723,128985,551,691
earthquake,2.5,3176,10,49.4,81.6,32296,18455,73,85
drought,2.2,120139,6,35.2,24.4,1482401,577559,953,615
earthquake,3.5,140120,11,58.4,59.9,2357450,1347114,5322,5276
flood,5.7,96255,10,40.8,52.5,3164871,1550141,2878,4070
cyclone,9.1,142375,4,56.8,66.6,2547385,1455648,9818,12347
drought,3.7,138931,16,15.9,20.8,8436589,3286982,909,1300
landslide,5.3,71679,7,37.3,43.0,1163923,604635,2098,2461
earthquake,8.1,5874,6,35.0,77.9,111347,63627,294,487
landslide,6.2,102626,20,68.5,30.4,5982179,3107625,6660,4254
earthquake,6.9,77375,21,29.4,61.4,5110000,2920000,3058,6022
earthquake,5.4,71232,8,37.9,32.7,1445333,825905,2662,4067
cyclone,8.1,84546,12,91.8,81.8,3756053,2146316,8241,6412
drought,8.5,72899,14,34.3,75.0,7577196,2952154,2410,1597
earthquake,2.8,2321,17,44.9,73.5,45816,26180,53,69
landslide,4.4,86499,2,45.5,85.8,321630,167080,2877,2766
landslide,9.8,14398,2,43.7,11.7,136476,70896,915,916
flood,3.4,76412,3,64.9,79.5,410391,201008,2176,1935
flood,7.4,39962,14,38.0,24.2,2742142,1343090,1515,2300
cyclone,4.0,30949,11,40.2,63.0,683550,390600,669,1189
flood,9.7,75725,21,47.8,12.4,9998138,4897047,4471,5396
landslide,4.7,59324,11,76.6,11.9,1474547,765998,3155,1802
landslide,7.1,135776,7,79.9,31.5,3482946,1809322,12968,7100
cyclone,5.3,133687,14,64.2,91.0,4389873,2508498,5978,6652
cyclone,4.2,32424,18,82.6,53.0,1336291,763595,1588,1373
cyclone,3.1,42008,6,32.0,54.4,445709,254690,618,1380
flood,7.1,148879,3,85.2,53.7,1733572,849096,11020,7462
drought,2.7,33152,21,80.5,40.1,1715190,668256,757,213
landslide,2.7,148869,13,83.7,27.2,2663339,1383552,5519,2884
landslide,6.7,44617,12,43.6,52.0,1543331,801730,1955,1961
earthquake,8.1,112660,9,94.4,48.5,4011939,2292537,17219,10560
landslide,2.9,29925,20,82.6,52.0,842247,437531,1212,642
earthquake,3.8,130820,16,88.3,93.8,2902225,1658414,7713,5057
earthquake,8.6,31195,1,69.0,61.1,109928,62816,3239,2717
landslide,6.0,71651,20,89.7,53.2,4037023,2097154,6338,3091
cyclone,6.7,123370,2,69.2,94.1,727866,415923,7570,7814
landslide,4.3,67668,12,26.1,70.4,1442392,749294,1165,1954
flood,4.3,118009,21,71.4,43.9,6322657,3096811,4658,3763
drought,9.0,124270,1,42.1,63.5,1009209,393198,5296,2859
cyclone,6.7,107336,8,25.0,26.4,3432750,1961571,2550,7285
earthquake,7.1,117394,15,73.4,30.3,6087247,3478427,11495,9066
flood,6.4,107482,9,45.2,43.6,3468587,1698900,3770,4813
landslide,4.5,29042,21,33.5,53.5,1261009,655070,704,920
drought,5.9,53333,12,17.0,49.0,3243837,1263832,545,728
landslide,8.8,129907,16,67.2,43.8,9104521,4729621,12974,8447
landslide,3.5,32503,12,72.6,71.2,628510,326498,1417,853
flood,9.2,42005,20,43.5,92.8,3823017,1872498,2144,2843
landslide,4.7,44899,3,49.7,78.4,254848,132388,1615,1421
drought,9.0,9931,16,46.1,30.8,1487106,579392,479,236
flood,3.0,55145,20,53.0,84.9,1849301,905780,1226,1334
drought,6.9,95652,14,83.8,64.9,8459953,3296085,6343,1720
flood,8.9,132470,6,66.2,71.0,3835688,1878704,10060,8767
cyclone,8.0,21128,16,74.6,53.8,1522532,870018,1843,1765
drought,5.4,26650,8,70.5,38.2,1022494,398374,1032,332
earthquake,9.6,16854,15,77.9,12.9,1358329,776188,2581,1918
landslide,3.6,22638,18,93.2,22.7,772999,401558,1270,596
flood,9.1,69050,21,35.6,83.3,6546194,3206299,2759,4472
drought,4.8,114754,10,43.6,69.0,4744737,1848599,2629,1370
earthquake,5.9,140272,11,84.5,19.1,4640422,2651670,13291,9106
cyclone,4.5,117000,19,82.6,91.0,4816245,2752140,6218,5377
landslide,7.9,115088,4,64.3,71.7,1679546,872491,10079,6857
drought,3.4,52284,20,30.8,44.4,3244650,1264149,583,430
flood,6.1,99480,14,31.3,48.8,4921141,2410354,2422,4465
drought,5.1,47867,18,37.7,54.8,4275850,1665915,1083,653
drought,5.3,130281,10,57.6,24.7,6851743,2669510,4332,1709
flood,9.1,100763,10,68.7,93.2,4359182,2135109,7734,6495
flood,5.8,16037,7,50.1,33.4,402554,197169,603,695
flood,6.6,89035,1,27.3,17.5,380696,186463,2073,4381
drought,3.1,123344,13,93.0,24.7,4584200,1786052,3600,879
landslide,3.5,49044,7,17.1,39.6,596689,309968,487,1248
drought,7.1,56941,2,73.9,69.8,686666,267532,3233,994
earthquake,9.4,70407,7,76.3,49.5,1979359,1131062,8858,6721
flood,2.0,132712,1,26.3,37.9,149754,73349,837,1836
flood,6.2,71964,10,94.1,35.4,2772121,1357773,5499,3371
drought,8.9,141545,14,54.0,13.5,17476727,6809114,7154,3011
flood,8.7,87042,8,23.5,84.5,3069150,1503257,2252,5529
flood,3.1,29009,13,86.8,17.4,771197,377729,1026,682
flood,5.3,121138,9,63.8,25.9,3704714,1814554,5374,4860
landslide,8.4,37731,6,26.4,75.5,794917,412943,1323,2193
cyclone,7.5,84494,13,51.1,69.1,3915725,2237557,4214,5891
flood,7.9,131295,4,43.3,18.2,2486519,1217887,5380,7169
cyclone,3.1,29261,14,51.5,53.8,733602,419201,700,972
earthquake,8.8,54903,2,18.1,19.7,466426,266529,1576,5043
cyclone,3.8,144045,20,27.4,73.8,5115464,2923122,1951,5088
drought,8.7,139695,2,47.0,73.5,1917239,746976,5819,2814
drought,7.2,56983,1,89.3,87.7,315879,123069,3840,977
flood,6.0,122280,2,19.7,71.5,752796,368716,1765,5171
landslide,6.4,149499,3,34.1,36.6,1332374,692142,5020,6441
cyclone,8.0,13047,11,22.2,77.1,563206,321832,320,1030
cyclone,3.0,80178,6,18.7,71.2,789510,451148,678,2593
landslide,2.2,61070,4,54.7,56.5,225912,117357,1093,874
drought,6.9,116668,12,27.4,74.1,8732314,3402200,2581,2140
cyclone,3.2,132924,21,55.8,53.5,4944057,2825175,3408,4362
landslide,6.3,15413,2,54.1,12.0,93669,48659,778,629
cyclone,9.6,37147,21,42.3,11.9,4748792,2713595,2176,3674
cyclone,4.3,1678,21,36.3,64.1,77762,44435,36,71
flood,8.2,2866,8,20.0,81.3,101227,49580,62,180
cyclone,7.5,42026,3,83.6,33.2,523140,298937,3539,3024
landslide,9.2,138257,21,42.8,86.8,11367932,5905419,9145,9348
cyclone,4.1,4345,20,66.5,69.6,172711,98692,157,169
landslide,7.6,36933,4,68.2,12.5,595302,309247,3124,2004
flood,3.5,144606,21,23.9,82.0,5238987,2566034,1475,3562
earthquake,7.3,41394,8,38.5,17.5,1229028,702301,2194,3300
earthquake,4.1,118751,5,40.4,50.2,1067497,609998,3549,5086
earthquake,4.7,103409,14,31.7,91.0,2713727,1550701,2927,5345
drought,5.1,97442,1,22.2,54.0,451899,176064,1210,1239
cyclone,2.9,29063,2,83.1,51.2,89027,50872,952,818
landslide,2.6,143493,19,79.0,58.2,3231615,1678761,4784,2649
earthquake,8.7,76063,6,26.3,33.7,1898291,1084738,3245,7144
earthquake,8.5,139118,12,57.1,89.6,6066711,3466692,13677,13867
landslide,8.1,59313,3,48.0,24.5,672246,349219,3433,3129
landslide,3.4,140763,4,77.0,32.1,982257,510263,6179,3511
drought,8.3,93584,2,56.2,38.9,1538936,599585,4964,2007
flood,5.4,67470,18,88.1,64.9,3837348,1879517,4369,2861
flood,2.8,75629,8,94.2,25.6,1138548,557656,2741,1678
cyclone,5.4,38736,6,60.4,53.6,676938,386821,1768,2091
cyclone,2.6,66571,12,22.5,36.2,1222355,698488,561,1783
cyclone,4.6,38806,1,55.6,62.5,88783,50733,1320,1696
cyclone,2.2,14755,9,54.2,55.7,156585,89477,246,324
cyclone,6.0,90979,19,82.9,33.7,6029903,3445659,6398,5512
earthquake,4.2,116286,15,46.2,53.4,3147212,1798407,4032,5052
cyclone,7.4,23065,11,24.3,62.8,1007058,575461,595,1751
drought,3.1,144589,6,31.0,62.2,2200645,857394,1410,1034
landslide,8.4,36521,11,85.9,88.6,1422909,739173,4416,2249
earthquake,2.1,8026,6,33.9,58.2,43372,24784,103,176
earthquake,6.9,81918,16,33.0,93.5,3354474,1916842,3327,5838
landslide,4.1,74584,20,54.0,11.6,3198197,1661401,2651,2147
flood,4.4,72128,2,62.0,27.0,416506,204003,2651,2467
landslide,4.6,118701,5,43.5,33.7,1243529,645989,3553,3574
cyclone,4.2,79420,9,32.9,42.3,1734615,991208,1585,3441
drought,4.0,101509,14,26.9,19.2,5921380,2307031,1228,1037
flood,9.2,98820,16,90.2,12.3,9217501,4514694,10206,6527
drought,6.4,76062,5,79.0,80.1,1883808,733951,3938,1133
landslide,8.1,121445,17,67.4,68.2,7545613,3919799,11029,7159
flood,4.7,5151,2,42.1,77.6,24574,12036,125,172
cyclone,4.3,82429,20,59.2,72.8,3490652,1994658,2867,3459
earthquake,4.2,14777,7,21.0,19.1,222830,127331,249,687
drought,5.9,118524,11,57.4,54.1,6628036,2582351,4174,1652
flood,7.8,122665,10,65.3,80.0,4960418,2429592,7957,7030
flood,5.7,127850,19,87.0,37.2,9154189,4483684,8888,5893
flood,7.9,30448,16,64.4,74.5,2108909,1032935,2043,1830
landslide,6.0,134723,5,94.7,70.8,1822531,946769,12845,5934
landslide,6.0,139655,6,59.8,34.9,2569851,1334988,8445,6178
cyclone,8.7,58408,7,38.6,72.8,1725789,986165,2640,4886
earthquake,3.8,54332,4,50.9,29.8,375413,214522,1840,2093
landslide,8.4,59947,20,74.1,66.2,4428197,2300362,6006,3546
flood,8.3,95489,6,20.6,91.2,2248622,1101366,1978,5541
cyclone,9.7,23319,16,69.0,39.9,1899201,1085257,2031,2103
drought,9.6,92913,10,24.1,70.0,7332901,2856974,2254,2125
earthquake,3.9,78315,16,17.9,30.5,2335213,1334407,1008,3262
drought,9.8,92500,4,64.7,93.7,2901614,1130499,6539,2297
drought,4.0,95831,8,30.5,33.5,3155486,1229410,1357,1011
flood,4.7,34024,3,49.8,50.6,294630,144308,1083,1255
landslide,6.1,21018,17,61.1,90.9,801113,416162,1154,826
cyclone,5.7,2197,4,37.1,44.7,26562,15178,62,119
drought,8.3,90635,14,56.6,88.4,8046987,3135189,4441,1783
cyclone,5.1,81577,5,43.0,94.3,942533,538590,2438,4050
cyclone,3.6,105439,9,87.6,81.6,1702144,972654,4748,3871
flood,6.4,63559,7,37.9,50.0,1568560,768274,1877,2858
landslide,5.6,13282,7,65.6,47.1,230880,119937,742,494
flood,7.7,11177,2,20.9,80.0,97739,47872,250,692
flood,4.3,11835,21,68.5,44.7,661937,324214,469,395
earthquake,6.5,17486,11,16.6,89.0,472152,269801,336,1174
drought,8.1,134575,2,30.0,43.5,2205077,859120,3854,2919
drought,8.2,86506,3,51.9,42.9,2126229,828401,4277,1873
landslide,2.9,120355,21,44.5,38.7,3682633,1913056,2604,2560
landslide,5.7,134403,18,56.1,94.0,5233641,2718774,6619,5162
earthquake,3.4,145012,3,16.5,55.4,621482,355133,1431,5022
cyclone,7.2,144657,5,24.7,75.5,2534936,1448534,3509,10148
earthquake,4.6,124850,16,52.5,91.7,3390873,1937642,5314,5860
cyclone,6.2,83577,4,40.7,22.0,1217608,695776,2905,5099
drought,5.1,65130,4,20.9,72.2,1112427,433413,747,812
flood,5.5,103871,15,91.9,59.8,5166844,2530699,7235,4541
landslide,4.2,25502,2,82.6,56.0,92874,48246,1355,717
landslide,5.2,6772,15,21.4,86.8,214322,111336,120,246
drought,5.4,80248,8,54.5,33.1,3473169,1353182,2666,1111
flood,3.0,143592,9,83.6,40.5,2267306,1110517,4513,3114
earthquake,3.0,12322,14,17.5,73.7,220127,125787,122,406
earthquake,6.3,33572,17,52.4,70.7,1467638,838650,1998,2207
flood,2.6,140506,9,84.8,16.7,2017690,988256,3783,2573
flood,9.5,64644,17,25.2,40.4,6153607,3014011,1954,4473
cyclone,6.8,57016,19,70.1,24.7,4660746,2663283,4066,4143
flood,3.6,50165,4,63.7,49.9,401082,196448,1411,1278
landslide,2.8,49719,13,35.6,90.2,679004,352729,743,913
drought,3.2,52929,11,48.8,61.6,1544025,601568,848,395
drought,7.7,116055,19,38.1,90.8,13920463,5423557,3846,2294
cyclone,4.2,109730,19,60.2,90.2,3896017,2226295,3654,4336
earthquake,3.7,121448,8,58.0,74.5,1546135,883505,5019,5010
landslide,8.5,147792,15,70.1,51.6,9334929,4849314,15189,9479
drought,4.2,8558,17,35.7,73.3,487339,189872,132,84
earthquake,3.5,54626,8,85.5,61.9,728227,416129,3332,2256
cyclone,7.7,80081,21,53.2,87.5,6508151,3718943,4831,6486
earthquake,5.2,6811,11,70.7,39.9,192653,110087,492,403
cyclone,8.9,11843,10,76.1,69.3,511017,292009,1065,1000
earthquake,3.5,68020,2,46.0,56.2,210554,120316,2033,2559
earthquake,6.3,75276,12,51.2,12.5,2960929,1691959,4618,5222
flood,7.9,13452,21,67.1,14.6,1380387,676108,872,749
flood,4.5,79298,20,69.1,72.5,3649461,1787491,3013,2516
flood,7.9,113634,13,30.2,35.8,7044319,3450278,3454,6599
flood,6.3,21661,15,42.2,45.4,1145888,561251,701,959
flood,8.7,140447,17,28.6,94.2,10133558,4963375,4420,8916
drought,6.9,72207,3,36.4,18.8,1598429,622764,2091,1305
flood,8.0,113346,2,39.5,69.0,983749,481836,4585,6698
landslide,6.8,78726,4,33.6,94.9,904655,469950,3094,4029
landslide,9.8,135996,7,90.6,36.3,4676771,2429491,20047,9680
landslide,4.4,43834,11,51.0,64.0,948841,492904,1598,1370
earthquake,8.7,118088,12,17.4,44.2,6005709,3431834,3513,11690
flood,3.7,84777,10,42.8,34.1,1929901,945258,1734,2337
cyclone,5.2,39242,10,61.4,22.3,1295191,740109,1866,2171
drought,8.5,88153,16,85.4,34.3,11173700,4353389,6746,1795
cyclone,2.4,145465,11,53.2,64.3,1899656,1085518,2473,3321
flood,3.6,34657,11,34.3,65.3,814438,398908,591,995
flood,8.9,121402,7,50.5,76.8,3806361,1864340,6666,7616
cyclone,4.9,89842,20,29.0,61.6,4852234,2772705,1876,4622
flood,2.1,41174,14,21.7,37.2,774241,379220,254,676
landslide,3.0,138273,7,69.7,44.3,1324907,688263,4483,2814
flood,4.6,130117,17,73.3,45.4,5942813,2910765,5579,4391
earthquake,9.5,36847,11,75.5,32.8,1986071,1134897,5302,4065
flood,6.1,94057,3,39.2,50.8,956802,468637,2771,4078
cyclone,5.3,90898,2,32.1,60.0,475070,271468,2022,4500
earthquake,4.2,69350,2,34.2,16.7,297919,170239,1885,3192
landslide,9.3,147757,6,92.8,56.3,3795821,1971855,20768,9791
earthquake,6.2,59886,16,92.3,32.8,3086286,1763592,6924,4343
drought,6.2,135565,15,30.3,30.6,11505357,4482606,2598,1949
drought,3.0,139006,5,63.4,62.3,1939961,755829,3053,1094
drought,8.5,6477,19,68.4,25.2,1123188,437605,444,147
landslide,6.2,52569,19,63.1,31.1,3187317,1655749,3448,2391
earthquake,7.4,51471,4,29.7,29.7,798850,456486,2284,4453
flood,9.0,101991,20,49.6,55.6,10932482,5354685,6108,7104
drought,9.7,93067,17,64.6,19.1,16587424,6462632,6803,2393
cyclone,8.1,29564,5,23.6,48.2,695457,397404,836,2532
cyclone,3.4,90199,5,59.3,68.6,781894,446796,2534,3053
landslide,5.0,37396,1,31.0,67.3,76328,39650,869,1227
earthquake,3.6,104177,3,41.7,55.1,508962,290835,2959,4109
drought,4.8,69935,3,35.3,61.5,824761,321335,1201,773
earthquake,7.1,31191,2,92.1,32.9,223609,127776,4006,2518
flood,4.0,44278,16,70.9,36.2,1637265,801925,1533,1247
flood,7.7,122272,6,40.7,80.9,2857235,1399462,4777,6771
flood,7.5,63581,13,48.4,64.0,3719852,1821968,3211,3828
drought,9.0,42677,2,30.2,45.0,666952,259851,1179,887
flood,8.7,88350,15,55.2,86.0,6313740,3092444,5837,6100
landslide,8.4,20902,17,31.0,15.0,1561109,810965,882,1245
earthquake,9.2,119493,15,76.2,50.3,7723078,4413187,16151,12271
earthquake,7.3,5895,9,53.9,51.1,185973,106270,459,493
drought,2.7,112922,3,34.6,75.7,787243,306718,1182,776
landslide,8.5,68540,19,43.8,78.5,4877010,2533512,4302,4297
earthquake,2.3,87731,9,83.9,59.2,749894,428511,2965,2046
cyclone,6.8,35768,5,56.4,11.4,734415,419665,1882,2383
earthquake,3.7,104480,2,22.2,66.2,317419,181382,1531,3994
landslide,2.8,86856,15,27.2,79.3,1500568,779515,1044,1679
earthquake,7.2,85412,8,83.8,62.5,2020026,1154301,9080,6273
drought,6.7,146050,1,56.1,72.5,880708,343133,6358,2576
drought,2.7,36740,16,44.9,61.2,1302704,507547,452,228
flood,8.5,86047,5,31.7,94.0,1857020,909561,3050,5551
drought,5.3,99636,9,70.4,95.0,3913089,1524580,4286,1383
flood,5.6,132221,5,43.3,17.1,2504024,1226460,4320,5756
earthquake,7.8,10671,6,67.7,85.1,190612,108921,1001,856
drought,3.4,96819,3,80.0,10.8,1047450,408097,2940,835
flood,3.5,8669,8,93.0,90.2,133170,65226,395,245
landslide,5.2,11013,17,30.3,21.2,508169,263984,286,413
cyclone,6.8,133110,8,23.4,42.0,3960511,2263149,2893,8831
drought,3.2,11061,17,30.0,35.7,607077,236523,121,92
flood,9.3,17722,13,90.2,33.7,1419572,695300,2065,1321
cyclone,9.0,30753,3,37.7,75.7,427165,244094,1505,2852
earthquake,3.3,57319,12,71.0,50.9,1048858,599347,2559,2087
flood,5.7,92553,11,86.0,21.4,3896077,1908282,6148,4124
cyclone,6.7,71193,18,16.8,28.3,5029542,2874024,1122,4772
drought,6.9,85586,8,19.7,84.8,3987126,1553425,1322,1525
cyclone,5.0,64267,12,58.3,83.3,1830963,1046264,2565,3143
drought,5.4,85881,6,57.7,83.4,2172660,846490,2798,1102
flood,5.5,118305,4,37.7,12.7,1733439,849031,3212,4916
flood,6.8,113593,15,52.4,50.3,6492455,3179978,5019,5526
drought,7.3,29570,17,50.3,74.6,3111396,1212232,1193,539
flood,5.6,70384,15,36.7,32.1,3403096,1666822,1737,2730
landslide,3.4,9058,3,65.5,78.4,37206,19327,310,207
landslide,5.2,17326,8,49.9,22.8,370132,192276,733,642
landslide,5.6,70896,13,83.4,66.2,2304307,1197042,5411,2838
cyclone,4.3,25327,18,54.5,59.6,1108882,633646,889,1165
cyclone,8.0,81851,17,70.6,49.2,5887050,3364029,6252,6325
landslide,7.7,66274,17,31.9,44.1,4007434,2081784,2554,3502
drought,2.3,78720,14,17.0,18.5,2496072,972495,326,436
earthquake,2.1,61146,17,29.5,70.0,931370,532211,712,1397
earthquake,6.0,23747,2,46.8,94.6,111258,63576,1257,1555
landslide,3.6,47526,12,78.7,41.9,908902,472156,2010,1117
earthquake,9.4,140816,6,93.7,42.5,3621023,2069156,22688,14018
flood,3.1,103739,6,30.8,88.7,969130,474676,1262,2365
flood,9.5,135204,1,24.1,17.4,819502,401388,3938,9428
earthquake,4.0,147225,1,48.5,29.4,308538,176307,5758,6874
cyclone,4.5,67619,13,88.1,16.0,2430429,1388816,3793,3075
drought,2.7,52479,9,42.2,80.1,987053,384566,612,329
earthquake,3.5,114741,13,69.6,57.3,2538183,1450390,5727,4764
cyclone,2.7,35186,20,23.5,30.6,1078290,616165,305,927
landslide,4.7,124820,17,77.9,25.6,4737508,2461043,6952,3904
earthquake,9.8,118374,21,75.2,87.5,10110859,5777633,17017,13101
drought,2.1,132016,20,16.1,60.4,5278748,2056655,524,739
drought,5.6,68346,5,87.7,71.3,1609429,627050,3617,937
landslide,2.5,81007,1,66.0,63.7,84419,43854,2021,1340
drought,5.9,93363,20,36.1,67.9,10281351,4005721,2349,1479
flood,8.0,35048,10,54.7,41.4,1590979,779255,1870,1972
landslide,3.5,16126,19,83.6,94.1,439815,228475,785,411
landslide,6.3,111740,13,59.6,30.6,4437680,2305288,6617,4857
flood,6.4,13604,14,21.8,76.3,628908,308036,237,628
cyclone,4.2,14669,13,71.7,74.3,425135,242934,654,651
landslide,9.3,53850,18,59.2,39.0,4603259,2391303,5057,3737
flood,7.7,77361,16,68.1,80.7,5304621,2598181,5560,4710
earthquake,5.5,124149,20,22.3,60.2,5794229,3310988,2750,7140
flood,5.2,132099,19,33.7,89.3,6930402,3394482,3127,5353
earthquake,7.6,9184,17,52.6,51.4,538376,307643,688,757
cyclone,3.3,144261,10,38.7,17.6,2949888,1685650,2641,4876
drought,7.1,57419,16,65.6,12.7,6272080,2443667,2722,943
earthquake,5.2,69897,4,63.0,93.1,546745,312425,4135,3800
landslide,2.6,99690,7,94.7,25.0,854757,444029,3696,1707
flood,9.0,113860,14,75.1,84.5,8025266,3930742,10754,8261
drought,7.8,105066,2,69.8,21.7,1715244,668276,6512,2120
cyclone,5.9,113391,20,94.4,56.8,6946911,3969663,8602,6509
flood,7.9,79302,15,75.7,82.2,4979557,2438966,6224,4743
earthquake,9.8,15649,17,16.7,42.3,1208230,690417,475,1649
flood,7.9,90280,21,36.4,15.7,10214239,5002893,3512,5567
drought,9.2,24150,12,24.5,18.0,2515889,980216,552,512
flood,8.8,53662,17,55.0,47.3,5050570,2473748,3580,3755
cyclone,3.4,114530,17,30.0,64.9,3494916,1997095,1664,3962
drought,5.6,12754,1,37.4,62.1,67650,26357,313,190
earthquake,7.5,76526,9,79.1,73.4,2271158,1297805,8903,6516
cyclone,2.5,20516,5,54.8,15.7,158462,90549,399,520
earthquake,9.4,140527,16,21.4,44.1,9394035,5368020,5067,13709
drought,8.0,41858,17,28.4,17.2,6218735,2422883,1114,892
drought,2.7,55057,7,68.0,41.5,953795,371608,1072,358
cyclone,5.8,69108,20,16.9,52.6,4164524,2379728,910,3847
drought,7.0,79947,4,41.1,86.5,1894966,738298,2639,1459
earthquake,5.1,20783,12,39.7,48.5,622169,355525,842,1228
drought,3.0,85805,3,39.8,55.1,720789,280827,1158,661
flood,7.7,95246,2,69.3,37.7,853388,417986,6280,5228
landslide,9.5,57263,13,33.1,44.8,3226206,1675951,2796,3696
drought,3.1,100193,8,24.5,41.0,2330345,907926,824,765
cyclone,7.1,35752,1,86.7,31.6,142637,81507,2987,2461
landslide,3.7,91319,11,80.2,83.5,1475684,766589,4194,2288
drought,2.1,85428,7,76.7,52.9,1206971,470248,1589,471
cyclone,7.7,84217,17,21.6,55.2,5469508,3125433,1813,5996
drought,2.0,38054,10,47.6,71.0,656202,255663,399,190
landslide,4.9,116752,18,39.1,50.8,4682507,2432471,3531,3952
earthquake,7.1,122108,6,76.3,70.5,2158382,1233361,12115,9193
earthquake,8.7,29788,13,81.2,81.8,1364525,779729,3920,2795
cyclone,4.8,6830,19,16.1,17.2,373598,213484,73,324
drought,2.4,113946,1,58.1,11.0,276003,107534,1689,660
flood,7.1,42698,21,15.1,14.5,4102781,2009525,583,2228
drought,4.0,56603,6,32.4,37.4,1406415,547953,867,608
earthquake,3.7,102444,3,73.7,83.0,504631,288361,5728,4500
landslide,7.7,129626,9,51.7,25.5,4780037,2483136,8791,7439
cyclone,2.1,37833,19,55.1,52.1,820250,468714,614,796
earthquake,7.2,142991,14,65.2,73.3,5931770,3389583,12317,10937
flood,4.7,80317,9,68.7,82.5,1858506,910288,3517,2953
landslide,9.3,119378,11,84.2,40.1,5417441,2814255,13902,7223
earthquake,7.3,55100,17,18.6,44.4,3324243,1899567,1468,4570
earthquake,8.6,121082,6,79.5,22.2,3396328,1940759,16937,12334
flood,4.6,91252,3,43.7,50.6,795789,389774,2567,3390
landslide,2.6,45689,9,42.5,21.1,542042,281580,808,832
drought,5.1,82415,16,84.2,63.9,5817754,2266657,3821,1031
landslide,7.4,137976,5,64.1,25.7,2698687,1401915,11083,7565
cyclone,2.4,11045,21,50.0,43.7,315318,180181,188,269
flood,7.0,26988,4,50.6,75.3,417061,204274,1273,1452
earthquake,8.0,5631,11,40.2,73.7,219170,125240,357,515
earthquake,3.9,8213,14,29.3,78.0,177464,101408,168,332
landslide,4.4,96898,5,67.1,42.7,1003890,521501,4554,2969
earthquake,9.7,67463,6,73.3,67.6,1745907,997661,9318,7359
cyclone,3.9,47120,19,25.0,51.6,2028410,1159091,688,1965
earthquake,7.8,9222,3,41.9,17.2,119066,68037,616,851
drought,6.7,83420,20,46.1,79.6,9363478,3648108,2850,1405
cyclone,8.7,69485,7,68.7,60.0,2351063,1343464,6120,6363
earthquake,8.7,15258,21,39.1,68.2,1149642,656938,937,1387
drought,3.4,43398,8,81.9,51.2,1051328,409608,1286,356
earthquake,7.3,12269,14,88.2,26.4,647578,370045,1555,1021
cyclone,2.4,128748,12,65.2,26.8,2311745,1320997,2989,3275
landslide,2.2,149542,4,35.7,66.9,539188,280098,1766,2164
earthquake,2.4,31340,8,65.4,61.0,261088,149193,911,806
drought,7.1,131277,12,51.4,81.3,8825008,3438314,5024,2221
landslide,8.0,5706,3,49.7,20.3,67210,34914,350,308
flood,6.9,6923,10,84.8,36.2,288273,141195,516,351
earthquake,3.1,73707,10,83.6,74.4,970160,554377,3630,2514
drought,7.2,121006,10,90.3,60.2,7289823,2840191,8112,2041
cyclone,5.3,115438,21,15.4,38.7,6784520,3876868,1229,5702
landslide,3.5,40463,19,16.7,14.5,1477781,767678,402,1053
landslide,6.1,83918,3,66.7,52.2,755517,392476,5860,3843
earthquake,9.1,68355,11,59.2,29.6,3455167,1974381,7160,7002
flood,4.3,2290,18,91.9,30.2,108307,53048,114,71
landslide,6.1,22314,19,59.3,26.1,1340726,696481,1342,990
landslide,5.3,132841,17,49.0,66.2,5110089,2654591,5392,4814
earthquake,7.8,25686,3,16.8,38.6,279611,159778,620,2137
earthquake,4.2,57433,1,92.3,66.0,101435,57963,4067,2551
earthquake,8.0,127314,6,41.4,80.3,2639375,1508214,8331,11650
landslide,7.3,91296,3,75.1,74.7,863233,448433,8155,4750
drought,9.6,127933,10,89.4,69.3,10094084,3932760,11481,2918
landslide,4.4,11039,5,57.3,13.3,132972,69076,470,359
flood,8.2,89124,16,73.3,80.9,6160756,3017513,6956,5475
flood,4.9,4668,20,81.7,24.3,302734,148277,251,177
cyclone,5.5,41549,6,56.8,71.2,662015,378294,1729,2174
drought,7.9,15489,8,62.2,13.3,967806,377067,798,291
cyclone,6.2,93867,1,45.3,86.9,288687,164964,3823,6028
drought,4.2,149354,19,72.2,12.7,12786984,4981942,5144,1619
flood,9.3,83504,7,41.1,49.5,3331657,1631832,4317,6060
drought,6.9,94666,3,23.4,88.6,1615112,629264,1721,1671
earthquake,4.3,143734,2,65.8,72.4,528931,302246,7734,6804
landslide,6.0,110180,1,46.4,67.3,273521,142089,4664,4397
landslide,8.6,93036,18,43.8,30.8,7063329,3669262,5594,5587
earthquake,8.3,42395,18,24.8,62.6,2630149,1502942,1555,3631
flood,8.2,119092,2,48.3,69.3,1044993,511833,5963,7122
cyclone,7.7,75056,11,90.0,69.3,3467013,1981150,7773,6169
earthquake,5.6,119901,10,52.5,76.5,2853618,1630639,6758,7452
landslide,4.2,131922,2,42.0,85.0,476126,247338,3920,4083
earthquake,9.4,13089,1,67.4,69.0,54046,30883,1599,1373
cyclone,2.9,69529,20,42.9,62.9,2101148,1200656,1207,2010
earthquake,5.3,49965,15,81.0,75.3,1697946,970255,4118,2943
landslide,7.9,32628,15,41.8,53.3,1784630,927080,1741,1822
earthquake,7.3,4251,16,64.0,94.1,193987,110849,374,338
landslide,7.6,38566,7,25.7,78.8,836203,434391,1176,2002
cyclone,7.1,13415,7,49.8,23.9,408033,233161,684,982
drought,9.4,66027,10,62.3,15.9,6723760,2619646,4477,1633
landslide,7.6,99534,10,27.4,37.6,3888073,2019778,3543,5657
cyclone,9.1,83630,8,93.9,61.5,3233257,1847575,10118,7697
drought,2.4,76433,20,54.5,40.6,3515971,1369859,1105,461
landslide,9.3,44039,19,25.4,70.8,3293350,1710831,1638,2821
earthquake,8.8,79590,6,93.9,53.7,1848128,1056073,12043,7425
flood,8.3,14321,18,39.4,64.3,1204439,589929,612,896
cyclone,3.3,18529,13,56.1,23.1,477248,272713,484,617
drought,7.5,73974,1,71.7,21.2,549744,214186,4281,1357
earthquake,7.8,55848,10,78.0,27.9,2312572,1321470,6909,5128
drought,3.6,63249,6,80.6,87.5,1180493,459932,2157,608
cyclone,8.8,5961,11,81.2,43.2,313470,179126,580,510
cyclone,4.8,88771,10,28.2,85.2,2153696,1230683,1764,4468
earthquake,4.8,39362,12,56.8,82.9,972769,555868,2126,2167
cyclone,2.6,115494,17,87.8,15.4,3332321,1904183,3956,3218
drought,9.5,99258,21,19.2,61.4,16321782,6359136,1846,2185
earthquake,8.8,122082,2,71.4,29.2,1032694,590110,14178,11496
landslide,8.3,56050,12,46.7,66.4,2495850,1296545,3558,3333
flood,6.1,51409,18,61.7,88.3,3019778,1479075,2623,2453
landslide,4.5,70910,2,45.7,84.5,264620,137465,2366,2265
drought,8.7,99933,9,73.7,64.0,6951659,2708438,7108,2192
drought,2.0,7833,3,36.3,49.6,44203,17222,63,39
drought,3.7,61914,20,21.3,28.8,4811494,1874608,569,607
cyclone,4.3,83544,7,81.0,29.8,1505324,860185,4184,3690
drought,4.0,99777,7,58.8,23.1,2641467,1029143,2424,936
drought,2.5,63068,21,40.9,64.2,3015442,1174847,733,407
earthquake,6.1,98796,8,65.0,62.4,2162510,1235720,7537,6713
drought,8.3,107123,12,89.5,88.3,8016066,3123142,8159,2071
landslide,6.2,121098,18,74.1,28.3,6629054,3443664,8813,5203
drought,6.8,39326,21,41.4,31.1,5203811,2027458,1148,630
flood,9.7,107976,18,68.2,86.0,9372068,4590400,8921,7546
landslide,7.2,61514,16,22.6,38.4,3597517,1868840,1694,3279
cyclone,3.2,64250,7,35.5,92.6,707753,404430,1072,2158
landslide,5.4,27380,14,38.1,49.8,968110,502914,911,1047
cyclone,2.8,67212,19,87.7,94.4,1617089,924050,2246,1829
landslide,9.6,54470,7,59.4,58.9,1598954,830625,4842,3566
flood,4.3,14759,12,32.5,77.8,401202,196507,264,470
flood,7.9,123227,7,60.5,85.2,3684903,1804850,7977,7607
drought,2.2,31809,20,70.9,91.2,1200795,467842,587,188
cyclone,5.3,135128,1,59.8,72.2,383108,218919,6343,7577
cyclone,9.7,17706,10,41.8,26.2,1079559,616891,1072,1831
earthquake,4.4,13026,7,74.8,83.4,160101,91486,791,612
cyclone,9.1,126389,1,37.6,90.0,510999,291999,5684,10798
drought,5.5,97464,19,92.0,81.2,8489798,3307713,5461,1349
flood,4.5,144135,19,69.6,87.8,6233761,3053271,5776,4788
flood,7.9,59021,16,47.6,28.2,4463725,2186314,2737,3317
landslide,3.4,146459,8,74.4,42.9,1763984,916355,5550,3263
flood,4.7,99504,15,38.3,42.2,4088471,2002516,2249,3388
drought,3.1,36348,4,36.4,13.4,463879,180732,447,279
earthquake,5.1,123562,9,74.0,63.6,2688076,1536043,9521,7449
landslide,5.0,138063,12,68.0,56.1,3764251,1955455,7540,4851
flood,3.7,140491,13,88.3,10.2,4366510,2138699,5789,3782
cyclone,5.3,13934,11,20.0,79.9,429596,245483,222,794
cyclone,9.0,79783,9,20.9,20.3,3998768,2285010,2166,7404
landslide,6.1,98674,17,61.4,75.7,4171846,2167193,5707,4066
earthquake,5.3,43754,14,56.3,87.4,1207981,690275,2282,2346
earthquake,2.6,125206,14,85.1,38.9,2147619,1227211,5177,3522
earthquake,2.2,10160,10,27.1,33.7,108078,61759,114,244
flood,5.1,37952,13,20.3,10.4,1545844,757148,471,1339
cyclone,5.2,53234,6,67.9,52.7,935865,534780,2740,2882
drought,3.8,2350,6,82.5,32.9,56410,21978,87,24
landslide,9.8,40133,11,69.5,46.4,2158930,1121522,4667,2938
landslide,2.5,90696,8,57.3,23.1,859953,446729,1957,1494
flood,9.1,61503,11,27.4,86.7,3251864,1592749,2040,4296
earthquake,3.0,41723,1,65.3,46.6,56784,32448,1507,1336
flood,6.2,49841,6,34.3,66.6,988422,484125,1322,2224
earthquake,8.7,58948,14,45.4,12.3,3592947,2053112,4256,5428
landslide,3.4,25004,9,45.9,33.2,350463,182058,586,558
flood,9.0,36944,1,36.3,45.6,192384,94229,1521,2418
cyclone,6.6,133595,16,55.9,17.9,8077462,4615692,6536,8352
landslide,6.9,113338,4,66.9,38.0,1418437,736850,7899,5166
flood,9.5,52372,1,82.3,32.5,284992,139587,4899,3434
earthquake,2.8,119036,20,93.5,76.3,2588257,1479004,5454,3377
landslide,8.7,32214,20,83.2,13.8,2707267,1406372,3480,1830
